Name,Rating,Position,LW Rating,ST Rating,RW Rating,LF Rating,CF Rating,RF Rating,CAM Rating,LM Rating,CM Rating,RM Rating,CDM Rating,LWB Rating,RWB Rating,LB Rating,CB Rating,RB Rating
Karim Benzema,91,CF,87,89,87,89,89,89,88,86,81,86,64,75,75,60,55,60
Kylian Mbappe,91,ST,90,89,90,90,90,90,89,89,81,89,63,76,76,63,54,63
Lionel Messi,91,RW,90,87,90,91,91,91,92,89,85,89,63,73,73,59,50,59
Mohamed Salah,90,RW,88,86,88,88,88,88,88,87,82,87,68,74,74,67,58,67
Virgil van Dijk,90,CB,68,69,68,70,70,70,70,70,76,70,85,81,81,82,89,82
Cristiano Ronaldo,90,ST,86,90,86,88,88,88,85,84,78,84,59,77,77,58,53,58
Casemiro,89,CDM,71,74,71,75,75,75,75,73,81,73,86,79,79,81,86,81
Sadio Mane,89,LM,86,86,86,87,87,87,86,86,79,86,65,77,77,65,59,65
N'Golo Kante,89,CDM,76,71,76,76,76,76,77,78,81,78,86,76,76,84,84,84
Joshua Kimmich,89,CDM,81,76,81,80,80,80,83,83,86,83,86,80,80,83,81,83
Neymar Jr,89,LW,88,83,88,88,88,88,88,88,82,88,63,70,70,61,50,61
Heung Min Son,89,LW,87,86,87,87,87,87,86,86,80,86,64,71,71,64,54,64
Harry Kane,89,ST,84,87,84,86,86,86,85,83,81,83,68,75,75,63,61,63
Marquinhos,88,CB,73,70,73,73,73,73,75,76,79,76,85,82,82,84,87,84
Erling Haaland,88,ST,80,88,80,84,84,84,80,77,73,77,64,72,72,61,62,61
Toni Kroos,88,CM,80,77,80,81,81,81,83,81,86,81,81,70,70,74,71,74
Ruben Dias,88,CB,59,58,59,60,60,60,62,64,70,64,75,78,78,72,74,72
Joao Cancelo,88,LB,84,78,84,83,83,83,84,85,84,85,76,80,80,78,68,78
Luka Modric,88,CM,83,76,83,82,82,82,86,84,87,84,81,75,75,79,72,79
Bernardo Silva,88,CAM,86,79,86,84,84,84,86,86,84,86,70,71,71,68,56,68
Antonio Rudiger,87,CB,67,64,67,67,67,67,67,69,72,69,73,81,81,74,73,74
Kalidou Koulibaly,87,CB,59,56,59,60,60,60,61,63,67,63,79,77,77,78,86,78
Leon Goretzka,87,CM,83,84,83,84,84,84,84,83,85,83,84,83,83,82,83,82
Trent Alexander-Arnold,87,RB,80,74,80,79,79,79,82,83,85,83,76,78,78,76,67,76
Frenkie de Jong,87,CM,83,77,83,82,82,82,85,85,86,85,77,80,80,75,68,75
Thomas Muller,87,CAM,83,84,83,84,84,84,84,83,82,83,71,75,75,69,63,69
Rodri,87,CDM,74,75,74,77,77,77,79,76,83,76,84,77,77,79,82,79
Fabinho,87,CDM,75,72,75,75,75,75,76,77,81,77,77,79,79,75,72,75
Andrew Robertson,87,LB,78,70,78,77,77,77,78,81,81,81,82,77,77,84,79,84
Marco Verratti,87,CM,80,70,80,79,79,79,83,82,86,82,84,75,75,80,77,80
Lautaro Martinez,86,ST,82,85,82,84,84,84,82,80,76,80,66,74,74,63,62,63
Sergej Milinkovic-Savic,86,CM,80,82,80,82,82,82,83,81,85,81,76,81,81,73,70,73
Nicola Barella,86,CM,82,77,82,81,81,81,83,83,85,83,84,77,77,82,78,82
Thiago,86,CM,81,74,81,80,80,80,84,82,85,82,75,75,75,70,64,70
Kingsley Coman,86,LM,84,80,84,83,83,83,83,84,75,84,55,70,70,56,45,56
Bruno Fernandes,86,CAM,83,82,83,84,84,84,85,84,86,84,79,76,76,76,71,76
David Alaba,86,CB,79,76,79,79,79,79,80,80,82,80,84,82,82,84,84,84
Paulo Dybala,86,CF,86,81,86,85,85,85,87,84,81,84,63,71,71,61,51,61
Aymeric Laporte,86,CB,64,63,64,66,66,66,68,67,74,67,82,77,77,78,85,78
Milan Skriniar,86,CB,59,58,59,60,60,60,61,63,67,63,80,76,76,79,85,79
Vinicius Jr.,86,LW,85,80,85,84,84,84,83,84,75,84,56,67,67,56,45,56
Raheem Sterling,86,LW,85,80,85,85,85,85,84,84,77,84,59,70,70,61,48,61
Riyad Mahrez,86,RW,85,80,85,85,85,85,85,84,78,84,61,66,66,59,49,59
Thiago Silva,86,CB,65,63,65,66,66,66,69,67,76,67,82,76,76,77,84,77
Marcelo Brozovic,86,CDM,77,74,77,77,77,77,80,78,83,78,76,76,76,74,68,74
Parejo,86,CM,80,76,80,80,80,80,83,80,85,80,79,71,71,74,71,74
Christopher Nkunku,86,CF,86,81,86,85,85,85,86,86,83,86,69,74,74,69,59,69
Romelu Lukaku,86,ST,80,84,80,82,82,82,79,79,73,79,56,74,74,55,52,55
Phil Foden,85,LW,84,77,84,83,83,83,85,84,82,84,71,67,67,69,59,69
Paul Pogba,85,CM,80,79,80,82,82,82,83,80,83,80,75,77,77,69,70,69
Gerard Moreno,85,ST,82,84,82,83,83,83,82,81,77,81,60,74,74,59,52,59
Pedri,85,CM,81,72,81,80,80,80,83,82,84,82,78,72,72,75,70,75
Serge Gnabry,85,RM,83,80,83,83,83,83,83,82,77,82,63,67,67,62,53,62
Memphis Depay,85,CF,84,82,84,84,84,84,84,84,77,84,59,71,71,56,49,56
Sergio Busquets,85,CDM,72,68,72,74,74,74,77,74,82,74,75,72,72,69,67,69
Diogo Jota,85,CF,83,85,83,84,84,84,82,82,78,82,65,76,76,64,59,64
Patrik Schick,85,ST,80,84,80,82,82,82,80,78,72,78,53,70,70,50,46,50
Iago Aspas,85,ST,84,83,84,84,84,84,83,82,76,82,58,68,68,57,49,57
Filip Kostic,85,LM,82,78,82,81,81,81,81,83,80,83,69,77,77,71,61,71
Nabil Fekir,85,CAM,84,80,84,84,84,84,84,84,79,84,63,70,70,60,53,60
Marcos Acuna,85,LB,82,76,82,81,81,81,82,83,83,83,83,79,79,83,80,83
Jamie Vardy,85,ST,80,84,80,82,82,82,79,79,73,79,65,73,73,66,63,66
Pierre-Emerick Aubameyang,85,ST,81,83,81,82,82,82,80,80,73,80,56,71,71,58,48,58
Ilkay Gundogan,85,CM,82,77,82,82,82,82,84,82,84,82,80,73,73,75,72,75
Theo Hern√°ndez,85,LB,81,78,81,80,80,80,79,81,78,81,79,80,80,82,79,82
Kyle Walker,85,RB,76,72,76,76,76,76,75,78,78,78,74,81,81,76,70,76
Niklas Sule,85,CB,58,60,58,61,61,61,63,62,70,62,79,74,74,76,84,76
Jorginho,85,CM,75,69,75,75,75,75,80,78,84,78,82,71,71,75,73,75
Marco Reus,85,CAM,83,79,83,83,83,83,84,82,80,82,69,70,70,67,59,67
Matthijs de Ligt,85,CB,64,66,64,65,65,65,64,65,68,65,78,79,79,78,84,78
Jordi Alba,85,LB,81,75,81,79,79,79,81,82,81,82,80,79,79,81,76,81
Yannick Carrasco,85,LM,84,80,84,83,83,83,83,83,79,83,64,73,73,66,54,66
Joao Felix,84,CF,84,81,84,84,84,84,85,83,79,83,63,72,72,61,54,61
Jude Bellingham,84,CM,80,77,80,81,81,81,82,80,83,80,82,76,76,78,78,78
Jules Kounde,84,CB,66,62,66,66,66,66,69,69,72,69,80,77,77,79,83,79
Marcos Llorente,84,CM,83,80,83,83,83,83,84,83,83,83,82,78,78,81,78,81
Alphonso Davies,84,LB,82,76,82,80,80,80,80,82,78,82,78,81,81,81,77,81
Mateo Kovacic,84,CM,80,71,80,79,79,79,83,81,84,81,73,73,73,69,61,69
Mats Hummels,84,CB,67,67,67,69,69,69,71,70,77,70,75,77,77,71,71,71
Hakan Calhanoglu,84,CM,81,76,81,82,82,82,84,81,84,81,71,69,69,68,58,68
Youri Tielemans,84,CM,79,77,79,80,80,80,82,80,84,80,79,74,74,74,72,74
Alessandro Bastoni,84,CB,63,56,63,61,61,61,64,68,71,68,81,78,78,81,84,81
Rafael Leao,84,LW,83,80,83,82,82,82,81,82,72,82,54,69,69,55,46,55
Domenico Berardi,84,RM,84,80,84,83,83,83,84,83,78,83,62,69,69,58,51,58
Kai Havertz,84,CAM,82,81,82,82,82,82,83,82,78,82,63,73,73,62,56,62
Dries Mertens,84,CF,84,77,84,83,83,83,84,82,77,82,57,63,63,56,42,56
Edin Dzeko,84,ST,77,83,77,80,80,80,78,76,74,76,62,67,67,56,56,56
Wissam Ben Yedder,84,ST,84,84,84,85,85,85,84,82,77,82,61,71,71,59,53,59
Oyarzabal,84,LW,83,80,83,83,83,83,83,83,77,83,55,68,68,55,43,55
Rodrigo Javier De Paul,84,CM,81,77,81,81,81,81,82,82,84,82,81,76,76,79,76,79
Reece James,84,RWB,79,75,79,79,79,79,79,81,80,81,73,81,81,75,68,75
Eden Hazard,84,LW,83,79,83,83,83,83,84,83,78,83,57,66,66,54,43,54
Muniain,84,LM,83,76,83,82,82,82,84,83,79,83,62,68,68,60,48,60
Jadon Sancho,84,LW,83,75,83,82,82,82,83,83,77,83,60,65,65,58,47,58
Mason Mount,84,CAM,82,78,82,82,82,82,83,82,82,82,66,69,69,63,53,63
Jack Grealish,84,LW,83,75,83,81,81,81,83,83,80,83,62,65,65,60,47,60
Federico Chiesa,84,LW,84,80,84,83,83,83,82,83,76,83,64,68,68,64,57,64
Sergio Ramos,84,CB,69,72,69,71,71,71,72,70,75,70,80,78,78,76,83,76
Angel Di Maria,84,RW,84,78,84,83,83,83,84,83,80,83,67,71,71,65,57,65
Luis Diaz,84,LW,84,81,84,83,83,83,82,83,75,83,56,71,71,57,47,57
Raphael Varane,84,CB,64,63,64,66,66,66,67,66,71,66,80,76,76,78,83,78
Fikayo Tomori,84,CB,61,57,61,60,60,60,61,63,65,63,77,77,77,79,84,79
Kieran Trippier,84,RB,75,71,75,75,75,75,76,78,80,78,80,78,78,81,78,81
Alejandro Gomez,84,CAM,83,75,83,81,81,81,83,82,77,82,57,65,65,56,41,56
Martin Odegaard,84,CAM,82,75,82,80,80,80,83,82,81,82,71,67,67,69,61,69
Dusan Vlahovic,84,ST,79,84,79,82,82,82,78,77,71,77,54,68,68,53,49,53
Achraf Hakimi,84,RB,81,78,81,80,80,80,80,82,79,82,78,79,79,81,76,81
Federico Valverde,84,CM,79,76,79,80,80,80,81,80,83,80,82,76,76,80,78,80
Ivan Perisic,84,LM,81,82,81,81,81,81,80,82,80,82,77,80,80,77,75,77
Luis Suarez,84,ST,80,85,80,82,82,82,80,78,77,78,66,77,77,64,63,64
Dusan Tadic,84,LW,83,80,83,83,83,83,84,83,80,83,65,70,70,61,55,61
Leroy Sane,84,LM,84,82,84,83,83,83,83,82,75,82,56,71,71,57,47,57
Wilfred Ndidi,84,CDM,68,68,68,70,70,70,70,70,76,70,75,76,76,72,71,72
Stefan de Vrij,84,CB,60,56,60,61,61,61,64,64,71,64,72,75,75,71,71,71
Carvajal,84,RB,75,68,75,74,74,74,75,78,77,78,73,79,79,74,68,74
Moussa Diaby,84,RM,83,73,83,80,80,80,81,82,75,82,63,64,64,63,50,63
Giorgio Chiellini,84,CB,55,56,55,54,54,54,55,57,61,57,75,75,75,75,83,75
Declan Rice,84,CDM,71,69,71,73,73,73,75,74,79,74,83,75,75,79,81,79
Franck Yannick Kessie,84,CDM,77,76,77,78,78,78,79,78,80,78,75,77,77,74,70,74
Sandro Tonali,84,CDM,78,76,78,78,78,78,79,79,81,79,82,77,77,80,79,80
Lorenzo Pellegrini,84,CAM,82,79,82,82,82,82,84,83,84,83,80,78,78,78,76,78
Eder Militao,84,CB,70,66,70,69,69,69,69,73,73,73,81,80,80,83,84,83
Canales,84,RM,83,77,83,82,82,82,84,83,84,83,78,71,71,75,69,75
Lucas Hernandez,84,CB,70,66,70,68,68,68,69,71,71,71,71,80,80,74,71,74
Thomas Partey,84,CDM,77,74,77,78,78,78,79,78,82,78,83,78,78,79,81,79
Leonardo Bonucci,84,CB,63,64,63,66,66,66,68,65,74,65,73,75,75,67,71,67
Joel Matip,84,CB,64,61,64,65,65,65,68,67,73,67,73,76,76,70,72,70
Lorenzo Insigne,84,LW,84,77,84,83,83,83,85,83,78,83,53,62,62,52,36,52
Stefan Savic,84,CB,53,51,53,54,54,54,57,57,65,57,70,72,72,68,71,68
Konrad Laimer,83,CDM,78,73,78,77,77,77,78,79,80,79,74,77,77,74,67,74
Koke,83,CM,78,73,78,78,78,78,79,80,82,80,75,75,75,73,66,73
Cody Gakpo,83,LW,83,80,83,82,82,82,81,82,75,82,61,71,71,60,53,60
Gabriel Jesus,83,ST,83,83,83,83,83,83,82,82,75,82,60,71,71,59,54,59
Hakim Ziyech,83,RW,82,76,82,81,81,81,83,83,81,83,69,66,66,66,57,66
Fabian Ruiz Pena,83,CM,80,77,80,81,81,81,82,80,83,80,73,71,71,70,63,70
Victor Osimhen,83,ST,79,83,79,81,81,81,77,77,70,77,58,72,72,58,56,58
Angelino,83,LWB,81,75,81,79,79,79,80,82,80,82,79,76,76,80,75,80
Jesus Navas,83,RB,81,74,81,79,79,79,80,82,81,82,71,75,75,75,63,75
David Silva,83,CAM,80,73,80,79,79,79,82,80,80,80,62,65,65,57,47,57
Roberto Firmino,83,CF,82,80,82,82,82,82,83,82,81,82,72,75,75,69,67,69
Jordan Henderson,83,CM,78,75,78,78,78,78,79,79,82,79,75,77,77,73,67,73
Ferland Mendy,83,LB,78,73,78,77,77,77,78,80,79,80,80,80,80,81,80,81
Ruben Neves,83,CM,74,70,74,75,75,75,78,76,82,76,74,72,72,70,64,70
Pierre-Emile Hojbjerg,83,CDM,73,72,73,74,74,74,75,74,80,74,82,73,73,76,79,76
Ricardo Pereira,83,RB,78,73,78,78,78,78,78,79,79,79,73,78,78,74,67,74
Bremer,83,CB,61,63,61,63,63,63,61,63,65,63,76,74,74,76,82,76
Jose Mari≠a Gimenez,83,CB,55,56,55,56,56,56,56,58,63,58,76,74,74,76,83,76
Carlos Soler Barragan,83,CM,80,76,80,80,80,80,81,81,82,81,72,73,73,71,62,71
Juan Cuadrado,83,RB,83,78,83,81,81,81,81,82,79,82,71,80,80,75,66,75
John Stones,83,CB,69,64,69,69,69,69,71,71,74,71,81,79,79,79,83,79
Raul De Tomas Gomez,83,ST,81,82,81,82,82,82,82,80,76,80,59,71,71,55,51,55
Ronald Araujo,83,CB,63,63,63,64,64,64,63,65,67,65,77,77,77,78,82,78
Marco Asensio,83,RW,82,78,82,81,81,81,82,81,78,81,59,68,68,59,47,59
Cristian Romero,83,CB,59,60,59,60,60,60,60,61,64,61,77,74,74,76,83,76
√Ångel Correa,83,ST,84,83,84,85,85,85,84,83,78,83,67,71,71,66,60,66
Thomas Lemar,83,CM,83,77,83,82,82,82,84,83,83,83,71,74,74,72,61,72
Presnel Kimpembe,83,CB,64,60,64,64,64,64,66,68,72,68,81,78,78,80,83,80
Diego Carlos,83,CB,62,61,62,65,65,65,66,64,70,64,71,74,74,68,70,68
Ousmane Dembele,83,RW,83,76,83,81,81,81,82,83,75,83,58,65,65,58,46,58
Luis Alberto,83,CM,77,72,77,79,79,79,82,78,82,78,71,66,66,64,59,64
Merino,83,CM,80,80,80,81,81,81,81,81,83,81,75,81,81,74,71,74
Raphinha,83,RW,83,78,83,82,82,82,81,82,77,82,67,70,70,66,58,66
Antoine Griezmann,83,ST,84,83,84,84,84,84,84,83,80,83,68,77,77,68,62,68
Piotr Zielienski,83,CAM,82,77,82,82,82,82,83,82,82,82,70,71,71,70,59,70
Pique,83,CB,67,68,67,69,69,69,71,68,75,68,73,75,75,69,71,69
Fernando,83,CDM,70,68,70,72,72,72,74,72,79,72,82,76,76,78,82,78
Pau Torres,83,CB,63,57,63,63,63,63,66,67,72,67,81,77,77,79,83,79
Dusan Zapata,83,ST,76,83,76,80,80,80,77,75,69,75,52,69,69,49,47,49
Sergi Darder,82,CM,80,75,80,80,80,80,81,81,82,81,73,75,75,72,64,72
Lucas Tolentino Coelho de Lima,82,CAM,80,78,80,81,81,81,82,80,81,80,70,75,75,68,63,68
Robin Gosens,82,LWB,79,80,79,79,79,79,77,80,77,80,72,82,82,74,68,74
Manuel Locatelli,82,CDM,76,73,76,77,77,77,78,77,82,77,74,74,74,71,66,71
Antony Matheus dos Santos,82,RW,82,75,82,80,80,80,80,81,73,81,56,65,65,55,44,55
Grimaldo,82,LB,79,72,79,78,78,78,80,81,81,81,72,76,76,74,64,74
Matthias Ginter,82,CB,65,66,65,67,67,67,68,68,74,68,80,76,76,77,81,77
Ben Chilwell,82,LWB,76,71,76,75,75,75,75,78,77,78,71,79,79,73,66,73
Sebastien Haller,82,ST,72,80,72,77,77,77,75,71,70,71,59,72,72,57,58,57
Simon Kjaer,82,CB,58,59,58,59,59,59,60,60,65,60,69,72,72,67,69,67
Dimitri Payet,82,CAM,81,77,81,80,80,80,82,80,77,80,62,66,66,59,51,59
Emre Can,82,CM,78,79,78,80,80,80,80,79,82,79,83,81,81,81,84,81
Kevin Volland,82,ST,80,82,80,81,81,81,80,80,77,80,65,73,73,62,60,62
Bukayo Saka,82,RM,81,75,81,80,80,80,80,81,77,81,73,70,70,74,66,74
Gon√ßalo Guedes,82,ST,81,82,81,81,81,81,79,80,73,80,57,70,70,57,49,57
Andre Silva,82,ST,79,83,79,81,81,81,80,78,75,78,61,72,72,58,55,58
Giovanni Di Lorenzo,82,RB,75,72,75,74,74,74,74,76,75,76,78,78,78,80,78,80
Noussair Mazraoui,82,RB,80,74,80,79,79,79,80,81,80,81,72,77,77,74,65,74
Toby Alderweireld,82,CB,63,63,63,65,65,65,66,66,72,66,72,75,75,70,70,70
Isco,82,CAM,80,74,80,79,79,79,81,79,79,79,64,68,68,61,54,61
Coutinho,82,CAM,81,75,81,80,80,80,82,80,79,80,67,65,65,63,56,63
Jonathan Tah,82,CB,55,54,55,57,57,57,59,59,66,59,70,72,72,67,70,67
Zlatan Ibrahimovic,82,ST,77,81,77,80,80,80,79,74,72,74,56,69,69,49,52,49
Christian Eriksen,82,CM,79,74,79,79,79,79,81,79,81,79,63,64,64,57,47,57
Willi Orban,82,CB,52,52,52,53,53,53,54,55,60,55,66,72,72,65,70,65
Ruslan Malinovskyi,82,CF,81,80,81,82,82,82,82,81,82,81,70,76,76,67,62,67
Anderson Talisca,82,CF,81,81,81,82,82,82,81,80,78,80,67,72,72,65,61,65
Aurelien Tchouameni,82,CM,76,73,76,77,77,77,79,77,82,77,76,77,77,73,70,73
Wilfried Zaha,82,LW,81,77,81,80,80,80,80,81,73,81,57,67,67,57,47,57
Azpilicueta,82,CB,69,65,69,69,69,69,71,72,75,72,81,78,78,80,81,80
Raul Jimenez,82,ST,79,80,79,80,80,80,79,79,76,79,65,72,72,61,60,61
Otavio,82,RM,80,73,80,79,79,79,80,81,79,81,74,70,70,71,66,71
Gabriel Paulista,82,CB,63,61,63,63,63,63,65,67,71,67,72,77,77,72,71,72
Idrissa Gueye,82,CDM,72,70,72,74,74,74,74,73,78,73,74,75,75,72,69,72
Leonardo Spinazzola,82,LWB,79,73,79,77,77,77,77,79,75,79,69,77,77,73,65,73
Luis Muriel,82,ST,83,82,83,83,83,83,82,81,72,81,50,68,68,51,41,51
Arnaut Danjuma,82,LM,82,78,82,81,81,81,81,81,74,81,58,70,70,59,48,59
Florian Wirtz,82,CAM,81,73,81,80,80,80,82,82,79,82,68,65,65,65,56,65
Dani Olmo,82,CAM,80,74,80,80,80,80,82,81,80,81,68,65,65,64,55,64
Geoffrey Kondogbia,82,CM,76,77,76,78,78,78,79,77,82,77,76,78,78,72,71,72
Nico Schlotterbeck,82,CB,67,67,67,68,68,68,69,69,73,69,72,75,75,70,70,70
Marko Arnautovic,82,ST,79,80,79,80,80,80,80,79,76,79,60,74,74,58,53,58
Lucas Digne,82,LB,77,73,77,76,76,76,77,78,78,78,72,80,80,74,67,74
Inigo Martinez,82,CB,62,63,62,63,63,63,64,63,70,63,71,76,76,70,70,70
Rafa,82,RW,82,75,82,81,81,81,81,81,75,81,63,66,66,66,54,66
Nacho Fernandez,82,CB,63,56,63,61,61,61,63,67,69,67,71,78,78,73,70,73
Timo Werner,82,ST,81,82,81,82,82,82,79,80,71,80,52,68,68,54,44,54
James Maddison,82,CAM,81,74,81,80,80,80,82,81,80,81,64,65,65,60,49,60
Gaya,82,LB,77,70,77,75,75,75,76,78,78,78,72,74,74,74,65,74
Sebastian Coates,82,CB,58,61,58,62,62,62,62,62,68,62,71,68,68,67,70,67
Francesco Acerbi,82,CB,57,58,57,60,60,60,62,60,70,60,72,72,72,67,70,67
Christian Pulisic,82,LW,81,75,81,80,80,80,79,80,72,80,57,68,68,60,49,60
Julian Brandt,82,CAM,81,76,81,81,81,81,82,81,80,81,67,68,68,64,56,64
Andreas Christensen,82,CB,61,53,61,60,60,60,63,65,69,65,72,75,75,70,70,70
Olivier Giroud,82,ST,73,80,73,77,77,77,75,71,72,71,60,69,69,52,57,52
Raul Albiol,82,CB,53,52,53,56,56,56,59,55,67,55,70,69,69,63,69,63
Ismael Bennacer,82,CDM,78,72,78,78,78,78,80,79,81,79,81,76,76,78,77,78
Darwin Nunez,82,ST,78,82,78,79,79,79,76,77,71,77,60,71,71,61,57,61
Yuri Berchiche,82,LB,75,72,75,74,74,74,74,76,76,76,72,80,80,74,69,74
Ivan Rakitic,82,CM,77,75,77,78,78,78,80,78,82,78,80,69,69,75,73,75
Ferran Torres,82,LW,82,81,82,82,82,82,82,82,76,82,59,71,71,58,50,58
Denzel Dumfries,82,RWB,73,72,73,73,73,73,71,75,73,75,78,81,81,80,80,80
Raphael Guerreiro,82,LB,83,76,83,82,82,82,84,83,84,83,79,71,71,79,70,79
Tammy Abraham,82,ST,78,82,78,81,81,81,78,76,70,76,56,69,69,55,53,55
Steven Berghuis,82,CAM,82,78,82,81,81,81,82,82,78,82,63,66,66,60,51,60
Andrej Kramaric,82,CF,81,79,81,81,81,81,82,80,74,80,54,68,68,51,43,51
Aritz Elustondo,82,CB,59,55,59,57,57,57,59,62,65,62,70,78,78,72,70,72
Lucas Ocampos,81,LW,81,81,81,81,81,81,81,81,79,81,68,76,76,67,61,67
Andre-Franck Zambo Anguissa,81,CDM,76,74,76,77,77,77,78,77,79,77,80,76,76,78,80,78
Dejan Kulusevski,81,RW,81,77,81,80,80,80,81,81,78,81,66,73,73,65,57,65
Jan Vertonghen,81,CB,67,67,67,67,67,67,67,68,71,68,70,77,77,71,69,71
Yves Bissouma,81,CDM,74,71,74,75,75,75,76,75,79,75,73,75,75,71,67,71
Oscar,81,CAM,81,76,81,80,80,80,81,81,79,81,65,72,72,64,54,64
Ever Banega,81,CM,78,72,78,77,77,77,80,78,81,78,73,71,71,69,63,69
Edmond Tapsoba,81,CB,62,62,62,64,64,64,66,65,71,65,72,73,73,68,69,68
Ricardo Horta,81,CF,81,78,81,81,81,81,81,80,77,80,64,67,67,62,54,62
Gaetan Laborde,81,ST,79,81,79,80,80,80,79,79,74,79,61,72,72,58,55,58
Pablo Sarabia,81,RW,81,76,81,80,80,80,81,80,79,80,63,66,66,62,51,62
Mehdi Taremi,81,ST,80,80,80,81,81,81,80,79,74,79,58,70,70,57,51,57
Jamal Musiala,81,CM,80,74,80,80,80,80,81,79,79,79,72,68,68,71,64,71
Joao Moutinho,81,CM,74,70,74,74,74,74,77,75,80,75,70,71,71,66,60,66
Jesus Corona,81,RW,81,74,81,79,79,79,81,81,80,81,70,76,76,72,63,72
Marc Bartra,81,CB,70,68,70,71,71,71,73,71,76,71,72,77,77,70,69,70
Corentin Tolisso,81,CM,77,79,77,79,79,79,80,77,81,77,72,77,77,69,68,69
Inaki Williams,81,ST,80,81,80,80,80,80,78,80,71,80,55,73,73,56,48,56
Manuel Akanji,81,CB,65,61,65,65,65,65,68,68,72,68,72,77,77,71,70,71
Lucas Torreira,81,CDM,75,72,75,75,75,75,76,76,78,76,80,71,71,78,76,78
Marcus Rashford,81,LW,80,80,80,81,81,81,79,79,73,79,60,70,70,60,54,60
Stanislav Lobotka,81,CM,77,69,77,76,76,76,79,78,81,78,72,72,72,69,61,69
Alexandre Lacazette,81,ST,79,80,79,80,80,80,80,78,75,78,63,71,71,59,57,59
Hirving Lozano,81,RW,81,78,81,80,80,80,79,79,72,79,55,67,67,57,46,57
Miralem Pjanic,81,CM,76,71,76,76,76,76,79,77,80,77,71,72,72,69,61,69
Martin Terrier,81,LW,80,80,80,80,80,80,79,79,73,79,57,70,70,57,51,57
Edin Visca,81,RM,81,75,81,79,79,79,79,80,75,80,59,67,67,60,46,60
Joe Gomez,81,CB,64,54,64,61,61,61,64,67,68,67,69,77,77,71,69,71
Mario Gotze,81,CAM,80,74,80,79,79,79,81,80,80,80,71,67,67,67,60,67
Nicolas Tagliafico,81,LB,72,68,72,71,71,71,72,75,74,75,71,79,79,73,68,73
Ibrahima Konate,81,CB,58,53,58,58,58,58,60,61,65,61,69,73,73,68,69,68
Allan Saint-Maximin,81,LM,81,76,81,80,80,80,80,80,71,80,53,67,67,53,43,53
Chris Smalling,81,CB,58,59,58,58,58,58,59,60,63,60,66,72,72,66,69,66
Vincenzo Grifo,81,LM,79,74,79,78,78,78,78,79,74,79,61,64,64,59,50,59
Emil Forsberg,81,CAM,80,72,80,79,79,79,81,80,77,80,58,63,63,53,42,53
Josko Gvardiol,81,CB,69,66,69,69,69,69,69,71,72,71,78,78,78,78,81,78
Antonin Barak,81,CF,80,78,80,81,81,81,81,81,80,81,68,74,74,68,60,68
Richarlison,81,ST,80,81,80,80,80,80,79,79,74,79,66,76,76,66,64,66
Palhinha,81,CDM,69,70,69,71,71,71,71,71,75,71,73,76,76,70,70,70
Lucas Vazquez,81,RB,79,74,79,79,79,79,79,80,79,80,76,73,73,78,71,78
David Raum,81,LWB,75,67,75,72,72,72,74,77,74,77,68,75,75,72,62,72
Nicolas Otamendi,81,CB,59,62,59,61,61,61,61,61,67,61,77,73,73,75,81,75
Harry Maguire,81,CB,62,65,62,66,66,66,67,65,73,65,71,74,74,66,70,66
Gianluca Mancini,81,CB,55,57,55,57,57,57,56,58,61,58,74,72,72,74,81,74
Felipe,81,CB,55,55,55,56,56,56,58,58,64,58,68,73,73,65,70,65
Gabriel,81,CB,55,54,55,57,57,57,59,59,66,59,69,72,72,67,70,67
Nicolo Zaniolo,81,CF,80,78,80,81,81,81,80,79,76,79,66,73,73,65,60,65
Evan Ndicka,81,CB,71,66,71,71,71,71,72,73,75,73,72,79,79,72,69,72
Thomas Delaney,81,CDM,73,74,73,74,74,74,74,74,76,74,72,78,78,72,69,72
Giovani Lo Celso,81,CM,80,76,80,80,80,80,81,80,81,80,71,73,73,68,62,68
Pedro Goncalves,81,RW,81,77,81,81,81,81,82,81,80,81,71,65,65,68,60,68
Kerem Demirbay,81,CM,79,74,79,79,79,79,81,79,81,79,71,71,71,68,61,68
Jonas Hofmann,81,CAM,79,74,79,79,79,79,80,80,79,80,74,69,69,72,66,72
Kalvin Phillips,81,CDM,72,69,72,72,72,72,74,74,78,74,73,76,76,71,67,71
Teji Savanier,81,CAM,79,73,79,78,78,78,81,79,81,79,78,67,67,74,69,74
Naby Keita,81,CM,78,73,78,78,78,78,81,78,80,78,70,67,67,66,59,66
Tomas Soucek,81,CDM,72,74,72,74,74,74,74,74,78,74,73,78,78,71,70,71
James Ward-Prowse,81,CM,76,70,76,75,75,75,77,78,80,78,76,72,72,73,68,73
Cucurella,81,LB,78,72,78,77,77,77,78,79,79,79,72,75,75,72,64,72
Rafael Toloi,81,CB,59,60,59,60,60,60,61,61,66,61,69,73,73,69,69,69
Rodrygo,81,RW,81,76,81,80,80,80,79,80,72,80,54,66,66,57,45,57
Carlos Vela,81,RW,81,79,81,81,81,81,80,79,72,79,54,66,66,52,45,52
Lisandro Martinez,81,CB,72,68,72,71,71,71,73,74,77,74,81,79,79,79,81,79
Benjamin Bourigeaud,81,RW,81,77,81,80,80,80,81,81,81,81,70,75,75,69,61,69
Mateus Uribe,81,CM,78,76,78,79,79,79,79,79,81,79,81,77,77,80,79,80
Denis Zakaria,81,CDM,74,70,74,74,74,74,75,76,76,76,73,76,76,72,69,72
Gareth Bale,81,RW,80,82,80,81,81,81,80,79,75,79,66,77,77,66,64,66
Seko Fofana,81,CM,77,75,77,78,78,78,79,78,81,78,80,73,73,76,75,76
Mario Pasalic,81,CAM,80,79,80,81,81,81,81,80,80,80,76,73,73,73,71,73
Robert Andrich,81,CDM,73,75,73,75,75,75,74,74,77,74,72,76,76,70,68,70
Henrikh Mkhitaryan,81,CAM,81,79,81,81,81,81,81,81,78,81,69,72,72,69,63,69
Bruno Guimaraes,81,CM,76,71,76,76,76,76,78,77,81,77,73,73,73,70,65,70
Ibrahim Sangare,81,CDM,71,70,71,72,72,72,73,73,76,73,73,75,75,71,69,71
Pedro Porro,81,RWB,78,75,78,77,77,77,77,79,77,79,77,75,75,79,75,79
Matheus Cunha,81,ST,82,81,82,82,82,82,81,81,74,81,54,70,70,54,45,54
Pepe,81,CB,59,59,59,60,60,60,60,62,66,62,69,74,74,69,70,69
Dayot Upamecano,81,CB,62,59,62,63,63,63,64,65,67,65,75,77,77,75,81,75
Kieran Tierney,81,LB,76,69,76,74,74,74,75,77,75,77,70,77,77,73,65,73
Matteo Politano,81,RW,81,74,81,79,79,79,80,80,75,80,61,61,61,60,49,60
Borja Iglesias,81,ST,73,79,73,77,77,77,75,72,70,72,54,67,67,50,49,50
Guido Rodriguez,81,CDM,65,64,65,68,68,68,69,67,75,67,73,68,68,69,68,69
Robin Le Normand,81,CB,50,47,50,50,50,50,52,55,61,55,68,73,73,67,70,67
Weston McKennie,80,CM,79,78,79,79,79,79,79,80,80,80,72,80,80,73,69,73
Georginio Wijnaldum,80,CM,76,74,76,77,77,77,78,77,79,77,72,76,76,70,66,70
Francis Coquelin,80,CM,76,72,76,77,77,77,78,77,80,77,73,76,76,70,67,70
Leandro Paredes,80,CDM,75,72,75,76,76,76,77,76,80,76,72,74,74,69,65,69
Alex Berenguer,80,RM,80,75,80,79,79,79,79,79,76,79,65,71,71,66,57,66
Arthur Henrique Ramos Oliveira Melo,80,CM,77,70,77,76,76,76,79,79,80,79,71,73,73,70,61,70
Renan Augusto Lodi dos Santos,80,LB,78,73,78,76,76,76,77,78,77,78,70,77,77,73,65,73
Morales,80,LM,80,79,80,80,80,80,79,79,74,79,61,70,70,62,53,62
Deulofeu,80,CF,81,76,81,80,80,80,80,80,72,80,52,61,61,52,39,52
Bryan Cristante,80,CDM,73,73,73,75,75,75,76,74,79,74,72,73,73,68,65,68
Edson Alvarez,80,CDM,66,66,66,66,66,66,66,69,71,69,71,76,76,71,69,71
Alex Sandro,80,LB,74,71,74,73,73,73,73,75,74,75,69,78,78,71,67,71
Morata,80,ST,78,80,78,79,79,79,78,78,70,78,51,70,70,50,44,50
Danilo Pereira,80,CDM,67,69,67,70,70,70,71,69,75,69,71,74,74,67,68,67
Nikola Milenkovic,80,CB,58,56,58,57,57,57,59,61,65,61,68,74,74,68,68,68
Leon Bailey,80,RM,81,78,81,81,81,81,80,79,70,79,49,66,66,50,39,50
Charles Aranguiz,80,CDM,72,68,72,72,72,72,75,73,78,73,72,68,68,67,62,67
Amir Rrahmani,80,CB,58,59,58,60,60,60,60,60,65,60,74,71,71,73,80,73
Davide Calabria,80,RB,69,64,69,67,67,67,68,71,71,71,77,74,74,79,77,79
Hans Vanaken,80,CM,75,77,75,77,77,77,78,76,80,76,66,69,69,61,56,61
Daichi Kamada,80,CAM,79,71,79,77,77,77,80,79,76,79,63,66,66,61,53,61
William Carvalho,80,CDM,68,66,68,70,70,70,72,70,77,70,71,71,71,64,65,64
Aaron Wan-Bissaka,80,RB,69,62,69,68,68,68,68,71,69,71,68,72,72,72,65,72
Joselu,80,ST,75,80,75,78,78,78,76,73,69,73,53,69,69,49,49,49
Ante Rebic,80,LW,80,81,80,81,81,81,79,80,74,80,64,72,72,63,60,63
Mario Hermoso,80,CB,68,63,68,67,67,67,69,71,73,71,79,78,78,78,80,78
Steven Bergwijn,80,LW,80,78,80,80,80,80,80,79,73,79,55,69,69,55,46,55
Emiliano Buendia,80,RM,79,75,79,79,79,79,80,79,79,79,67,74,74,65,60,65
Marten de Roon,80,CDM,70,70,70,71,71,71,71,71,75,71,72,76,76,71,69,71
Andy Delort,80,ST,76,80,76,78,78,78,76,76,70,76,54,71,71,53,49,53
Daley Blind,80,CB,71,68,71,72,72,72,75,73,80,73,74,75,75,70,67,70
Jeremie Frimpong,80,RB,78,66,78,74,74,74,76,79,73,79,73,74,74,78,71,78
Jonathan Clauss,80,RWB,77,72,77,76,76,76,76,78,75,78,73,73,73,76,69,76
Harvey Barnes,80,LM,80,76,80,80,80,80,79,79,74,79,58,67,67,59,47,59
Sergi Roberto,80,RB,75,69,75,74,74,74,76,77,78,77,71,72,72,71,63,71
Alexander Isak,80,ST,79,80,79,81,81,81,79,77,70,77,50,67,67,50,43,50
Gianluca Scamacca,80,ST,73,79,73,77,77,77,75,72,69,72,52,67,67,47,46,47
Youssef En-Nesyri,80,ST,73,80,73,76,76,76,72,71,66,71,54,68,68,53,52,53
Alessio Romagnoli,80,CB,56,54,56,58,58,58,59,59,65,59,69,71,71,66,68,66
Max Kruse,80,CF,78,77,78,80,80,80,81,77,76,77,57,66,66,50,46,50
Sven Botman,80,CB,55,54,55,57,57,57,59,59,66,59,69,72,72,66,69,66
Jose Fonte,80,CB,55,56,55,58,58,58,60,59,68,59,69,69,69,63,68,63
Renato Sanches,80,CM,79,76,79,79,79,79,80,80,80,80,72,77,77,70,65,70
Maximilian Arnold,80,CDM,76,76,76,77,77,77,78,76,80,76,79,71,71,75,75,75
Teun Koopmeiners,80,CM,75,73,75,76,76,76,77,77,80,77,72,77,77,71,66,71
Jonathan Viera,80,CAM,79,75,79,79,79,79,80,79,79,79,67,71,71,65,57,65
Luis Sinisterra,80,LW,80,77,80,80,80,80,80,80,74,80,59,72,72,61,51,61
Remo Freuler,80,CM,75,71,75,76,76,76,78,76,80,76,72,68,68,69,61,69
Xaver Schlager,80,CDM,73,70,73,74,74,74,76,74,78,74,72,68,68,67,63,67
Mahmoud Dahoud,80,CM,77,70,77,77,77,77,79,78,80,78,70,68,68,66,57,66
Nicolas Gonzalez,80,RW,80,77,80,79,79,79,78,80,72,80,57,72,72,60,50,60
Rick Karsdorp,80,RWB,75,71,75,74,74,74,75,77,76,77,70,77,77,72,65,72
Cristiano Biraghi,80,LB,75,72,75,75,75,75,75,77,77,77,77,76,76,78,76,78
Joan Jordan,80,CM,74,71,74,76,76,76,78,76,80,76,71,67,67,65,60,65
Thorgan Hazard,80,LM,80,74,80,78,78,78,80,79,76,79,62,67,67,62,50,62
Antonio Candreva,80,RM,79,75,79,79,79,79,80,79,79,79,72,65,65,69,62,69
Florian Neuhaus,80,CM,76,71,76,76,76,76,79,77,80,77,75,68,68,71,67,71
Alex Moreno,80,LB,77,72,77,75,75,75,75,77,75,77,68,73,73,72,62,72
Hans Hateboer,80,RWB,75,73,75,75,75,75,74,76,74,76,69,77,77,71,66,71
Dominic Calvert-Lewin,80,ST,75,79,75,77,77,77,73,74,66,74,52,72,72,53,50,53
Danilo,80,RB,72,72,72,72,72,72,72,73,74,73,78,77,77,78,80,78
Luke Shaw,80,LB,74,68,74,73,73,73,74,76,76,76,78,79,79,78,79,78
Mauro Arambarri,80,CDM,69,66,69,70,70,70,72,70,76,70,72,69,69,68,65,68
Sergio Reguilon Rodriguez,80,LWB,75,69,75,74,74,74,75,76,75,76,69,75,75,72,65,72
Nelson Semedo,80,RWB,74,67,74,73,73,73,73,75,73,75,69,75,75,71,64,71
Jarrod Bowen,80,RM,79,76,79,79,79,79,78,79,73,79,60,68,68,61,53,61
Moussa Dembele,80,ST,73,79,73,77,77,77,74,72,66,72,48,66,66,46,44,46
Matteo Darmian,80,RWB,71,68,71,71,71,71,71,73,73,73,70,74,74,71,65,71
Djibril Sow,80,CM,76,73,76,76,76,76,78,78,80,78,73,74,74,71,66,71
Saul,80,CM,76,77,76,78,78,78,78,77,79,77,72,77,77,70,67,70
Fred,80,CM,77,71,77,76,76,76,78,78,80,78,80,74,74,78,74,78
Lucas Moura,80,RW,80,78,80,79,79,79,78,78,72,78,62,72,72,63,58,63
Marek Hamsik,80,CM,78,77,78,79,79,79,80,78,80,78,69,75,75,67,61,67
Alex Telles,80,LB,77,74,77,77,77,77,77,78,79,78,71,76,76,72,64,72
Joaquin Correa,80,CF,81,78,81,80,80,80,80,80,75,80,56,69,69,55,46,55
Victor Lindelof,80,CB,65,61,65,66,66,66,68,68,74,68,72,74,74,69,68,69
Nayef Aguerd,80,CB,62,61,62,64,64,64,65,65,70,65,77,75,75,75,80,75
Lovro Majer,80,CM,79,73,79,78,78,78,80,79,79,79,66,69,69,65,56,65
Sardar Azmoun,80,ST,77,80,77,79,79,79,77,76,71,76,55,72,72,54,49,54
Nuno Mendes,80,LB,75,69,75,73,73,73,74,76,74,76,75,76,76,78,74,78
Yeray,80,CB,59,59,59,60,60,60,61,61,67,61,70,73,73,68,69,68
Hamari Traore,80,RB,73,67,73,72,72,72,72,75,74,75,76,78,78,78,75,78
Kevin Kampl,80,CM,77,67,77,75,75,75,79,78,79,78,68,65,65,65,53,65
Viktor Tsygankov,80,RM,80,73,80,78,78,78,79,79,74,79,62,63,63,62,52,62
Christian Gunter,80,LB,71,66,71,69,69,69,68,73,70,73,75,74,74,77,75,77
Kurt Zouma,80,CB,57,60,57,59,59,59,59,59,64,59,67,73,73,65,69,65
Javi Galan,80,LB,74,68,74,72,72,72,73,76,74,76,76,77,77,78,75,78
Jurrien Timber,80,CB,69,63,69,69,69,69,70,72,73,72,79,77,77,78,80,78
Adrien Rabiot,80,CM,77,76,77,78,78,78,78,78,80,78,73,76,76,72,66,72
Ridle Baku,80,RM,78,74,78,77,77,77,77,79,76,79,68,73,73,70,61,70
Lukas Klostermann,80,CB,69,66,69,68,68,68,67,72,69,72,76,78,78,81,80,81
Marcel Sabitzer,80,CM,78,77,78,79,79,79,80,78,79,78,68,72,72,66,60,66
Matteo Guendouzi,80,CM,74,70,74,75,75,75,77,76,80,76,81,74,74,78,78,78
Hector Herrera,80,CM,75,74,75,76,76,76,77,76,79,76,72,73,73,68,65,68
Scott McTominay,80,CDM,73,74,73,75,75,75,75,74,78,74,73,75,75,69,68,69
Allan,80,CDM,75,72,75,75,75,75,76,76,77,76,72,72,72,71,65,71
Eric Dier,80,CB,63,66,63,66,66,66,66,65,71,65,70,74,74,67,69,67
William Saliba,80,CB,64,57,64,63,63,63,65,68,70,68,78,74,74,77,80,77
Etienne Capoue,80,CM,73,74,73,76,76,76,76,75,80,75,73,74,74,69,67,69
Raul Garcia,80,ST,75,79,75,78,78,78,79,76,81,76,73,76,76,66,70,66
Anthony Martial,80,ST,80,79,80,80,80,80,79,78,71,78,56,70,70,56,50,56
Boubacar Kamara,80,CDM,67,62,67,67,67,67,69,70,74,70,72,74,74,71,68,71
Vladimir Coufal,80,RB,71,67,71,70,70,70,71,73,74,73,70,77,77,71,67,71
Carles Gil,80,CAM,78,70,78,77,77,77,80,79,77,79,59,64,64,57,43,57
Emile Smith Rowe,80,LM,79,71,79,78,78,78,79,79,73,79,53,59,59,52,39,52
Jordan Veretout,79,CDM,76,74,76,76,76,76,77,76,78,76,71,74,74,70,65,70
Matheus Nunes,79,CM,78,74,78,79,79,79,79,78,79,78,71,71,71,70,63,70
Adama Traore,79,RW,79,71,79,76,76,76,75,78,68,78,59,70,70,60,54,60
Conor Gallagher,79,CM,77,74,77,78,78,78,78,78,79,78,70,69,69,68,60,68
Nicolae Stanciu,79,CM,78,75,78,78,78,78,79,79,79,79,66,71,71,65,57,65
Amine Gouiri,79,ST,79,79,79,80,80,80,79,78,74,78,61,69,69,60,55,60
Pablo Fornals,79,CAM,77,72,77,76,76,76,78,77,79,77,69,69,69,68,59,68
Gavi,79,CM,78,68,78,76,76,76,79,78,79,78,74,69,69,71,66,71
Alessandro Florenzi,79,RB,78,75,78,77,77,77,79,77,78,77,69,73,73,70,61,70
Gonzalo Montiel,79,RB,73,68,73,72,72,72,72,75,73,75,69,75,75,71,65,71
Lucas Verissimo,79,CB,57,54,57,58,58,58,60,60,65,60,69,72,72,67,68,67
David Neres,79,RW,79,73,79,78,78,78,79,78,72,78,54,63,63,53,42,53
Marcelo,79,CB,57,52,57,58,58,58,61,62,68,62,70,71,71,66,67,66
Davide Zappacosta,79,LWB,73,70,73,72,72,72,72,74,73,74,68,74,74,71,64,71
Lucas Zelarayan,79,CAM,78,74,78,78,78,78,79,77,75,77,58,68,68,56,47,56
Beto,79,ST,73,79,73,76,76,76,73,72,65,72,49,63,63,47,43,47
Boulaye Dia,79,ST,75,78,75,77,77,77,74,73,66,73,48,65,65,47,42,47
Cengiz Under,79,RW,79,75,79,78,78,78,77,77,71,77,51,63,63,53,40,53
Nordi Mukiele,79,RWB,67,62,67,66,66,66,67,70,70,70,70,77,77,71,68,71
Granit Xhaka,79,CDM,67,65,67,69,69,69,71,70,76,70,70,66,66,64,61,64
Pedro,79,LW,79,72,79,79,79,79,81,78,75,78,55,60,60,52,39,52
Suso,79,RW,79,73,79,79,79,79,80,79,74,79,50,60,60,49,35,49
Benjamin Pavard,79,RB,67,66,67,67,67,67,68,70,72,70,78,78,78,77,80,77
Nemanja Matic,79,CDM,66,67,66,69,69,69,70,68,75,68,70,70,70,63,65,63
Ibanez,79,CB,53,51,53,53,53,53,52,55,57,55,65,69,69,69,68,69
Daniel Wass,79,CM,77,76,77,77,77,77,78,78,79,78,71,75,75,71,64,71
John McGinn,79,CM,75,73,75,75,75,75,76,76,79,76,71,73,73,68,64,68
Ben Davies,79,CB,69,66,69,69,69,69,70,71,73,71,71,75,75,71,67,71
Mattia Zaccagni,79,LW,79,75,79,79,79,79,79,79,76,79,68,68,68,67,61,67
Orkun Kokcu,79,CM,77,70,77,76,76,76,79,78,79,78,70,69,69,66,59,66
Ezequiel Avila,79,ST,75,79,75,77,77,77,75,74,70,74,57,70,70,56,53,56
Luis Milla,79,CDM,73,69,73,73,73,73,75,75,77,75,71,71,71,70,63,70
Youssouf Fofana,79,CDM,73,69,73,74,74,74,75,74,77,74,78,70,70,75,75,75
Renato Tapia,79,CDM,68,69,68,69,69,69,70,70,73,70,71,75,75,70,68,70
Alexandr Golovin,79,LM,78,72,78,77,77,77,79,78,78,78,68,69,69,67,58,67
Sergio Oliveira,79,CM,76,75,76,77,77,77,78,76,79,76,69,70,70,66,60,66
Ezri Konsa,79,CB,63,58,63,63,63,63,64,66,68,66,69,74,74,69,67,69
Danny Ings,79,ST,77,80,77,78,78,78,77,75,72,75,57,69,69,56,51,56
Clinton Mata,79,RB,70,68,70,70,70,70,70,72,72,72,69,75,75,71,66,71
Jonathan David,79,ST,78,78,78,78,78,78,77,77,72,77,55,69,69,55,48,55
Denis Suarez,79,CM,78,72,78,78,78,78,80,78,79,78,65,67,67,63,53,63
Munir El Haddadi,79,LW,79,78,79,79,79,79,79,78,71,78,52,67,67,52,43,52
Goncalo Inacio,79,CB,57,55,57,60,60,60,63,62,69,62,70,70,70,68,67,68
Kim Min Jae,79,CB,57,53,57,58,58,58,60,61,65,61,68,72,72,67,68,67
Ali Musrati,79,CDM,67,65,67,68,68,68,70,69,75,69,71,71,71,67,66,67
Nicolas Pepe,79,RM,80,76,80,79,79,79,78,78,71,78,56,67,67,57,48,57
Wout Weghorst,79,ST,69,78,69,74,74,74,72,68,69,68,63,70,70,58,64,58
Manu Trigueros,79,CM,73,72,73,74,74,74,76,73,78,73,69,71,71,66,62,66
Reinildo,79,LB,71,66,71,69,69,69,69,72,69,72,74,77,77,77,77,77
Luka Jovic,79,ST,76,79,76,77,77,77,75,75,69,75,50,67,67,49,44,49
Luiz Felipe,79,CB,58,50,58,56,56,56,60,61,64,61,67,73,73,67,67,67
David Garcia,79,CB,60,56,60,60,60,60,61,64,68,64,69,76,76,69,69,69
Giacomo Raspadori,79,CF,77,78,77,79,79,79,78,76,70,76,51,62,62,50,43,50
Pervis Estupinan,79,LB,68,60,68,64,64,64,66,70,68,70,67,76,76,71,66,71
Yeremy Pino,79,RM,78,72,78,77,77,77,78,78,73,78,54,60,60,55,41,55
Takehiro Tomiyasu,79,RB,64,56,64,63,63,63,65,68,70,68,70,74,74,70,67,70
Jonny Evans,79,CB,52,49,52,52,52,52,55,56,63,56,67,71,71,65,67,65
Salih Ozcan,79,CDM,73,69,73,73,73,73,74,74,75,74,71,74,74,70,66,70
Donyell Malen,79,ST,80,80,80,81,81,81,79,79,72,79,57,70,70,58,51,58
Ander Herrera Aguera,79,CM,74,72,74,75,75,75,77,75,79,75,73,71,71,70,65,70
Federico Bernardeschi,79,RM,78,71,78,76,76,76,78,78,76,78,63,69,69,64,54,64
Manuel Lazzari,79,RB,79,69,79,76,76,76,77,80,77,80,68,69,69,71,58,71
Ludovic Blas,79,CAM,78,74,78,78,78,78,79,77,77,77,65,70,70,64,56,64
Nemanja Gudelj,79,CDM,69,68,69,70,70,70,72,70,76,70,71,73,73,67,65,67
Adam Marusic,79,LB,72,72,72,72,72,72,70,73,70,73,66,77,77,71,65,71
Maxence Caqueret,79,CDM,73,65,73,73,73,73,76,75,78,75,78,66,66,75,72,75
Davinson Sanchez,79,CB,59,59,59,60,60,60,60,61,64,61,68,72,72,67,69,67
Ludovic Ajorque,79,ST,72,79,72,76,76,76,73,71,67,71,54,68,68,53,52,53
Conor Coady,79,CB,63,62,63,65,65,65,67,66,75,66,71,73,73,67,66,67
Nicolas Lodeiro,79,CAM,78,72,78,77,77,77,79,78,77,78,62,65,65,58,49,58
Tyrell Malacia,79,LB,71,65,71,69,69,69,70,72,70,72,68,75,75,72,65,72
Paul Ebere Onuachu,79,ST,70,78,70,75,75,75,73,71,70,71,58,66,66,53,54,53
Dominik Szoboszlai,79,CAM,79,76,79,78,78,78,79,78,74,78,57,67,67,56,47,56
Jerome Boateng,79,CB,60,59,60,62,62,62,65,63,71,63,70,73,73,64,68,64
Wesley Fofana,79,CB,57,54,57,57,57,57,58,59,63,59,67,71,71,67,68,67
Anthony Modeste,79,ST,72,79,72,74,74,74,71,70,64,70,49,69,69,47,47,47
Jonny,79,LWB,71,65,71,70,70,70,70,73,72,73,68,74,74,71,65,71
Joaquin,79,RM,79,76,79,79,79,79,80,78,75,78,61,66,66,57,53,57
Juan Foyth,79,RB,66,60,66,65,65,65,67,69,70,69,77,75,75,77,78,77
Manuel Lanzini,79,CAM,77,71,77,77,77,77,79,77,75,77,58,67,67,57,47,57
Yaroslav Rakitskyi,79,CB,69,68,69,69,69,69,71,70,75,70,79,74,74,76,79,76
Michail Antonio,79,ST,77,79,77,78,78,78,77,77,73,77,62,78,78,62,59,62
Abdoulaye Doucoure,79,CM,76,76,76,77,77,77,77,77,79,77,73,75,75,71,67,71
Ryan Gravenberch,79,CM,79,75,79,79,79,79,80,79,79,79,74,73,73,72,69,72
Matheus Reis,79,CB,69,64,69,67,67,67,67,70,69,70,68,76,76,71,67,71
Felipe Anderson,79,RW,79,74,79,78,78,78,79,79,76,79,64,64,64,63,52,63
Julian Draxler,79,LW,79,76,79,79,79,79,80,79,78,79,65,72,72,62,56,62
Donny van de Beek,79,CM,76,76,76,77,77,77,78,76,78,76,76,73,73,73,73,73
Rodrigo Bentancur,79,CM,74,68,74,73,73,73,76,76,79,76,73,75,75,71,65,71
Ellyes Skhiri,79,CDM,72,72,72,73,73,73,73,73,75,73,78,73,73,77,77,77
Benjamin Andre,79,CDM,71,70,71,71,71,71,72,73,76,73,72,77,77,70,68,70
Tanguy Ndombele,79,CM,78,72,78,78,78,78,80,77,79,77,69,71,71,65,61,65
Houssem Aouar,79,CAM,77,72,77,77,77,77,79,77,78,77,67,70,70,64,57,64
Joao Mario,79,CM,77,71,77,76,76,76,79,78,79,78,74,71,71,71,67,71
Chancel Mbemba,79,CB,61,62,61,61,61,61,60,63,64,63,67,74,74,68,68,68
Julian Weigl,79,CM,72,69,72,73,73,73,76,74,79,74,74,71,71,69,66,69
Matty Cash,79,RB,74,69,74,73,73,73,72,75,73,75,69,73,73,71,63,71
Josip Brekalo,79,CF,80,74,80,79,79,79,79,79,73,79,55,65,65,55,42,55
Benjamin White,79,CB,61,52,61,61,61,61,65,66,71,66,72,74,74,69,68,69
Ansu Fati,79,LW,79,77,79,79,79,79,78,78,70,78,49,66,66,51,40,51
Fran Beltran,79,CDM,71,63,71,70,70,70,74,72,77,72,71,70,70,68,63,68
Michael Keane,79,CB,57,57,57,57,57,57,59,59,65,59,67,72,72,64,67,64
Rachid Ghezzal,79,RW,79,72,79,77,77,77,79,79,74,79,53,63,63,51,39,51
Berat Djimsiti,79,CB,55,55,55,56,56,56,57,59,64,59,68,70,70,68,68,68
Luuk de Jong,79,ST,70,77,70,74,74,74,72,70,70,70,56,71,71,53,53,53
Javier Hernandez,79,ST,75,79,75,77,77,77,74,73,67,73,50,67,67,50,44,50
Juanmi,79,LM,80,79,80,80,80,80,78,78,71,78,51,68,68,52,42,52
Eduardo Camavinga,79,CM,76,71,76,76,76,76,78,77,79,77,80,76,76,78,78,78
Oscar Trejo,79,CAM,77,75,77,77,77,77,79,77,79,77,70,73,73,68,62,68
Davy Klaassen,79,CAM,76,79,76,78,78,78,78,77,79,77,70,73,73,68,64,68
Joao Pedro,79,ST,79,79,79,81,81,81,80,80,77,80,60,72,72,58,51,58
Erik Lamela,79,RW,79,76,79,79,79,79,79,78,76,78,68,68,68,64,61,64
Samuel Umtiti,79,CB,64,66,64,65,65,65,65,64,69,64,68,74,74,66,67,66
Callum Wilson,79,ST,76,79,76,78,78,78,76,75,70,75,55,68,68,54,50,54
Rafa Mir,79,ST,74,79,74,76,76,76,72,73,67,73,54,70,70,55,51,55
Alexis Sanchez,79,CF,79,76,79,79,79,79,80,78,75,78,62,69,69,59,54,59
Ismaily,79,LB,77,72,77,77,77,77,77,78,76,78,76,74,74,77,73,77
Lars Stindl,79,CAM,77,77,77,78,78,78,79,77,79,77,66,71,71,62,58,62
Nemanja Maksimovic,79,CM,72,72,72,74,74,74,75,73,79,73,71,72,72,67,65,67
Karim Bellarabi,79,RM,79,75,79,78,78,78,77,78,70,78,55,68,68,55,47,55
Vitinha,79,CM,77,68,77,76,76,76,79,78,79,78,74,66,66,72,65,72
Oleksandr Zinchenko,79,LB,76,71,76,75,75,75,77,77,78,77,71,75,75,70,64,70
Owen Wijndal,79,LB,74,66,74,73,73,73,75,77,76,77,70,73,73,71,63,71
Zubimendi,79,CM,72,68,72,73,73,73,75,73,79,73,72,73,73,70,65,70
Emanuel Reynoso,79,CAM,77,71,77,77,77,77,79,77,77,77,64,68,68,61,54,61
Samuel Chukwueze,79,RM,79,74,79,78,78,78,77,78,69,78,55,65,65,57,47,57
James Tarkowski,79,CB,57,57,57,58,58,58,60,61,66,61,75,73,73,72,79,72
Ruben Garcia,79,LM,78,73,78,77,77,77,78,78,74,78,57,66,66,56,46,56
Dakonam Djene,79,CB,57,55,57,57,57,57,58,61,64,61,68,73,73,68,67,68
Leandro Trossard,79,LM,79,76,79,78,78,78,78,78,71,78,50,66,66,50,40,50
Arkadiusz Milik,79,ST,73,78,73,75,75,75,73,71,68,71,53,65,65,50,47,50
Lewis Dunk,79,CB,55,57,55,59,59,59,61,57,68,57,69,69,69,63,68,63
Axel Witsel,79,CDM,68,67,68,69,69,69,73,70,77,70,71,74,74,65,66,65
Angelo Ogbonna,79,CB,54,53,54,56,56,56,57,56,62,56,65,71,71,62,68,62
Unai Nunez,79,CB,49,46,49,50,50,50,51,53,58,53,66,71,71,66,68,66
Junya Ito,78,RW,78,72,78,76,76,76,77,78,74,78,68,70,70,70,62,70
Roberto Pereyra,78,CM,78,75,78,78,78,78,78,78,78,78,69,72,72,69,61,69
Valentin Rongier,78,CM,73,69,73,74,74,74,75,75,78,75,73,73,73,70,66,70
Marcus Thuram,78,ST,77,78,77,78,78,78,76,77,72,77,61,72,72,62,58,62
Eljif Elmas,78,CAM,77,73,77,77,77,77,78,77,77,77,74,68,68,71,68,71
Marcos Rojo,78,CB,63,63,63,63,63,63,64,64,67,64,67,73,73,66,67,66
Ollie Watkins,78,ST,76,77,76,76,76,76,75,75,70,75,56,73,73,58,52,58
Andre Carrillo,78,RW,78,76,78,77,77,77,77,77,71,77,55,70,70,55,47,55
Romain Faivre,78,RM,77,73,77,76,76,76,77,77,75,77,64,70,70,65,56,65
Joey Veerman,78,CM,75,68,75,74,74,74,77,76,78,76,68,69,69,66,58,66
Douglas Luiz,78,CDM,73,69,73,73,73,73,75,74,77,74,77,71,71,73,73,73
Wataru Endo,78,CM,72,69,72,73,73,73,75,73,78,73,78,74,74,75,76,75
Maxime Lopez,78,CM,77,70,77,75,75,75,78,77,78,77,67,69,69,67,57,67
Stefano Sensi,78,CM,76,65,76,74,74,74,79,77,78,77,68,70,70,67,58,67
Caglar Soyuncu,78,CB,60,58,60,60,60,60,62,62,65,62,68,72,72,66,68,66
Miguel Almiron,78,RM,77,72,77,76,76,76,76,77,72,77,60,64,64,61,50,61
Jesper Karlsson,78,LW,78,74,78,77,77,77,77,77,71,77,54,65,65,55,42,55
Ruben Pena,78,RB,75,74,75,75,75,75,74,75,73,75,67,75,75,70,63,70
Enes Unal,78,ST,73,78,73,75,75,75,73,71,66,71,56,69,69,54,55,54
Grzegorz Krychowiak,78,CDM,68,72,68,71,71,71,71,69,75,69,70,71,71,65,65,65
Emerson Royal,78,RWB,72,68,72,71,71,71,71,73,72,73,74,75,75,75,76,75
Pedro Neto,78,LW,78,74,78,77,77,77,77,76,69,76,50,60,60,50,39,50
Sofiane Diop,78,LM,77,70,77,76,76,76,77,77,75,77,61,61,61,60,48,60
Ben Mee,78,CB,56,55,56,56,56,56,57,59,62,59,65,72,72,65,67,65
Oliver Torres,78,CM,75,68,75,75,75,75,77,76,78,76,65,63,63,62,52,62
Oriol Romeu Vidal,78,CDM,54,54,54,57,57,57,60,58,68,58,70,66,66,63,67,63
Guillermo Marip√°n,78,CB,50,53,50,54,54,54,55,54,64,54,67,66,66,60,67,60
Marcel Halstenberg,78,CB,69,69,69,69,69,69,69,70,71,70,74,77,77,75,76,75
Mats Rits,78,CDM,74,73,74,75,75,75,75,75,77,75,70,71,71,69,62,69
Portu,78,RM,76,76,76,76,76,76,75,76,72,76,61,72,72,63,56,63
Gernot Trauner,78,CB,64,64,64,65,65,65,66,66,70,66,69,75,75,68,68,68
Rafael Santos Borre,78,ST,78,78,78,78,78,78,78,77,74,77,63,69,69,60,57,60
Fernando,78,CDM,70,66,70,69,69,69,72,71,75,71,71,73,73,69,64,69
Giacomo Bonaventura,78,CM,77,75,77,77,77,77,78,77,78,77,68,73,73,67,60,67
Andrei Girotto,78,CB,67,68,67,68,68,68,67,67,71,67,69,73,73,68,67,68
Enzo Perez,78,CDM,72,69,72,73,73,73,75,73,76,73,71,73,73,69,66,69
Puado,78,LM,77,77,77,77,77,77,76,77,72,77,59,73,73,60,53,60
Konstantinos Mavropanos,78,CB,58,62,58,59,59,59,57,59,60,59,64,73,73,66,69,66
Alassane Plea,78,CF,78,78,78,78,78,78,79,78,75,78,58,70,70,56,49,56
Tyrone Mings,78,CB,63,59,63,62,62,62,63,66,68,66,68,75,75,68,67,68
James Milner,78,CM,73,71,73,73,73,73,75,74,78,74,79,73,73,76,76,76
Marcos Senesi,78,CB,63,56,63,61,61,61,66,66,71,66,70,74,74,67,66,67
Giovanni Simeone,78,ST,74,78,74,76,76,76,73,72,67,72,53,69,69,52,48,52
Taras Stepanenko,78,CDM,67,67,67,68,68,68,69,69,73,69,70,72,72,68,65,68
Raul Ruidiaz,78,ST,77,79,77,78,78,78,75,75,67,75,50,66,66,51,43,51
Nahuel Molina,78,RWB,75,71,75,74,74,74,74,75,73,75,73,73,73,75,71,75
Marc Guehi,78,CB,59,56,59,59,59,59,61,62,66,62,75,70,70,73,78,73
Timothy Castagne,78,RB,73,68,73,72,72,72,73,75,74,75,68,74,74,70,63,70
Maximiliano Gomez,78,ST,72,78,72,75,75,75,73,72,68,72,51,67,67,47,45,47
Melendo,78,CAM,77,68,77,75,75,75,78,77,74,77,59,64,64,57,47,57
Francesco Caputo,78,ST,75,79,75,77,77,77,75,73,66,73,46,64,64,45,39,45
Odriozola,78,RB,72,65,72,70,70,70,70,74,71,74,66,74,74,71,62,71
Duje Caleta-Car,78,CB,56,56,56,60,60,60,61,60,68,60,69,69,69,64,67,64
Aaron Cresswell,78,LB,71,65,71,69,69,69,71,72,73,72,68,75,75,70,64,70
Willy Boly,78,CB,56,53,56,57,57,57,60,60,66,60,67,72,72,64,67,64
Daniel Podence,78,LW,78,69,78,77,77,77,78,78,71,78,52,60,60,51,37,51
Christoph Baumgartner,78,CAM,76,74,76,77,77,77,78,76,73,76,58,66,66,57,48,57
Frederic Guilbert,78,RWB,68,62,68,67,67,67,68,71,70,71,68,76,76,70,65,70
Philipp Lienhart,78,CB,55,49,55,54,54,54,57,58,62,58,65,70,70,66,67,66
Kyle Walker-Peters,78,RB,70,59,70,67,67,67,69,72,70,72,67,74,74,70,62,70
Craig Dawson,78,CB,56,57,56,56,56,56,56,58,62,58,65,72,72,65,67,65
Mesut Ozil,78,CAM,76,69,76,75,75,75,78,76,71,76,51,57,57,48,37,48
Julian Alvarez,78,ST,80,79,80,80,80,80,80,79,76,79,67,70,70,65,62,65
Zubeldia,78,CB,69,67,69,70,70,70,71,71,75,71,72,74,74,69,67,69
Enzo Fernandez,78,CM,75,74,75,76,76,76,77,76,78,76,77,74,74,74,74,74
Charles De Ketelaere,78,ST,78,77,78,79,79,79,79,79,77,79,69,73,73,69,65,69
Alexis Saelemaekers,78,RW,78,70,78,75,75,75,77,78,75,78,71,71,71,72,65,72
Tomas Holes,78,CDM,73,73,73,73,73,73,73,73,74,73,70,76,76,70,67,70
Nathan Ake,78,CB,67,63,67,66,66,66,68,68,71,68,69,76,76,70,67,70
Noa Lang,78,LW,78,74,78,78,78,78,78,78,74,78,61,67,67,60,51,60
Danilo D'Ambrosio,78,CB,67,66,67,66,66,66,66,68,68,68,67,76,76,68,67,68
Amadou Haidara,78,CM,76,71,76,76,76,76,77,77,78,77,68,70,70,66,59,66
Sidnei,78,CB,63,64,63,64,64,64,64,65,67,65,68,75,75,67,68,67
Junior Messias,78,RW,78,74,78,77,77,77,78,77,73,77,58,66,66,59,49,59
Patrick Bamford,78,ST,75,78,75,77,77,77,75,75,71,75,55,66,66,54,47,54
Marco Davide Faraoni,78,RWB,75,75,75,75,75,75,75,76,75,76,68,75,75,70,63,70
Lukas Nmecha,78,ST,76,78,76,77,77,77,75,75,69,75,55,68,68,53,48,53
Jean-Clair Todibo,78,CB,61,58,61,61,61,61,62,64,67,64,68,73,73,67,67,67
Mohamed Simakan,78,CB,59,55,59,59,59,59,60,63,66,63,68,72,72,68,68,68
Gianluca Caprari,78,CF,79,73,79,78,78,78,79,78,72,78,53,62,62,53,39,53
Gilberto,78,RB,71,66,71,70,70,70,70,73,71,73,68,73,73,70,64,70
Sasa Kalajdzic,78,ST,73,77,73,76,76,76,75,72,71,72,56,68,68,55,51,55
Caio Henrique,78,LB,75,66,75,73,73,73,75,76,76,76,74,72,72,76,71,76
Marcus Edwards,78,RW,78,71,78,76,76,76,77,76,69,76,50,57,57,51,36,51
Said Benrahma,78,LM,77,71,77,77,77,77,77,77,72,77,59,62,62,57,48,57
Evanilson,78,ST,73,77,73,77,77,77,75,72,68,72,48,63,63,45,40,45
Lucas Alario,78,ST,71,78,71,75,75,75,71,69,64,69,48,65,65,46,45,46
Jorge Molina,78,ST,68,78,68,75,75,75,72,66,68,66,57,60,60,47,54,47
Nicolas De la Cruz,78,CM,80,80,80,80,80,80,80,80,81,80,77,81,81,82,76,82
Maxwel Cornet,78,LM,77,76,77,77,77,77,75,77,73,77,65,74,74,68,61,68
Gerson,78,CM,75,71,75,75,75,75,76,76,78,76,72,74,74,71,66,71
Pierre Kalulu,78,CB,67,63,67,66,66,66,67,69,69,69,75,76,76,77,78,77
James Tavernier,78,RB,75,73,75,75,75,75,75,76,75,76,75,75,75,76,73,76
Fredrik Aursnes,78,CDM,74,68,74,73,73,73,75,75,77,75,70,74,74,70,63,70
Campana,78,CM,76,72,76,76,76,76,77,77,78,77,68,71,71,66,59,66
Moussa Niakhate,78,CB,63,58,63,61,61,61,63,66,66,66,67,75,75,69,68,69
Alexander Bah,78,RB,73,71,73,72,72,72,71,74,70,74,66,75,75,70,64,70
Thomas Meunier,78,RB,74,75,74,74,74,74,73,75,74,75,68,77,77,70,66,70
Alfonso Espino,78,LB,71,68,71,70,70,70,68,73,69,73,67,73,73,70,64,70
Joel Veltman,78,CB,65,61,65,63,63,63,64,67,69,67,69,74,74,69,66,69
Pablo Rosario,78,CDM,70,68,70,71,71,71,72,71,75,71,70,72,72,67,65,67
Nikola Vlasic,78,LM,78,76,78,78,78,78,78,77,73,77,57,67,67,55,48,55
Aissa Mandi,78,CB,66,61,66,65,65,65,68,68,71,68,69,75,75,68,67,68
Dennis Praet,78,CAM,76,73,76,76,76,76,78,77,78,77,66,69,69,64,57,64
Mario Gaspar,78,RB,71,71,71,71,71,71,70,72,72,72,68,75,75,70,66,70
Paulinho,78,ST,74,78,74,76,76,76,73,73,68,73,54,69,69,53,50,53
Lucas Perez,78,ST,78,78,78,79,79,79,78,77,72,77,53,66,66,51,43,51
Emiliano Rigoni,78,RM,78,74,78,77,77,77,76,77,71,77,55,68,68,58,47,58
Willian Jose,78,ST,73,78,73,77,77,77,75,71,68,71,53,68,68,50,50,50
Borna Sosa,78,LB,74,65,74,71,71,71,73,76,74,76,67,74,74,70,61,70
Randal Kolo Muani,78,ST,75,76,75,77,77,77,75,74,68,74,54,67,67,54,50,54
Jonas Hector,78,LB,71,66,71,70,70,70,72,73,75,73,70,75,75,70,65,70
Sebastian Driussi,78,CAM,76,76,76,77,77,77,78,76,71,76,51,65,65,49,40,49
Dante,78,CB,58,57,58,59,59,59,62,61,70,61,77,69,69,70,78,70
Alexey Miranchuk,78,CAM,77,72,77,76,76,76,78,76,72,76,54,64,64,52,42,52
Piero Hincapie,78,LB,65,58,65,64,64,64,65,68,68,68,68,75,75,70,66,70
Joseph Aidoo,78,CB,46,45,46,46,46,46,47,50,54,50,64,70,70,65,68,65
Brahim,78,CAM,77,68,77,76,76,76,78,76,72,76,55,58,58,51,40,51
Nuno Santos,78,LW,78,76,78,78,78,78,77,78,75,78,68,67,67,68,62,68
Exequiel Palacios,78,CDM,74,71,74,74,74,74,76,75,78,75,71,70,70,68,63,68
Pedraza,78,LB,75,74,75,75,75,75,74,76,73,76,67,74,74,70,63,70
Rafael Alcantara,78,CM,78,73,78,78,78,78,79,77,78,77,68,72,72,65,60,65
Hamed Junior Traore,78,LM,77,74,77,77,77,77,77,77,73,77,67,71,71,68,64,68
Jesse Lingard,78,CAM,77,76,77,78,78,78,78,76,73,76,60,68,68,60,53,60
Odion Ighalo,78,ST,73,78,73,75,75,75,72,72,68,72,55,70,70,55,52,55
Clement Lenglet,78,CB,62,58,62,63,63,63,66,65,70,65,69,73,73,67,66,67
Diogo Dalot,78,RB,74,69,74,73,73,73,74,75,74,75,75,77,77,76,75,76
Moise Kean,78,ST,73,78,73,76,76,76,72,71,64,71,50,67,67,51,47,51
Jonathan Ikone,78,RW,78,71,78,77,77,77,77,78,70,78,54,60,60,54,41,54
Romarinho,78,CF,78,77,78,78,78,78,77,78,70,78,51,66,66,52,40,52
Sebastian Rode,78,CDM,70,68,70,71,71,71,72,71,75,71,70,72,72,67,65,67
Gabriel Martinelli,78,LM,78,75,78,77,77,77,76,77,69,77,59,68,68,62,55,62
Federico Dimarco,78,LWB,74,70,74,72,72,72,73,75,74,75,68,73,73,70,62,70
Ramy Bensebaini,78,LB,72,70,72,71,71,71,70,73,72,73,69,78,78,70,67,70
Franco Cervi,78,LM,77,70,77,75,75,75,76,77,72,77,60,65,65,62,50,62
Pozuelo,78,CAM,76,72,76,76,76,76,78,77,77,77,62,66,66,58,50,58
Samuel Gigot,78,CB,59,55,59,58,58,58,60,63,66,63,68,75,75,68,67,68
Juan Bernat,78,LB,76,70,76,75,75,75,76,76,75,76,68,73,73,69,62,69
Luiz Araujo,78,RM,78,72,78,76,76,76,76,77,70,77,54,65,65,56,44,56
Pablo Maffeo,78,RB,72,64,72,70,70,70,71,73,70,73,66,73,73,70,63,70
Mario Rui,78,LB,71,62,71,68,68,68,71,73,73,73,68,73,73,70,61,70
Josef Martinez,78,ST,74,79,74,76,76,76,73,71,63,71,46,65,65,45,41,45
Karl Toko Ekambi,78,LM,77,78,77,78,78,78,76,77,68,77,48,66,66,49,39,49
Juan Fernando Quintero,78,CAM,77,72,77,77,77,77,78,76,72,76,53,60,60,49,40,49
Aleksandar Mitrovic,78,ST,69,78,69,74,74,74,72,67,65,67,51,63,63,44,49,44
Victor Ruiz,78,CB,55,54,55,56,56,56,58,59,66,59,68,70,70,65,67,65
David Hancko,77,CB,69,68,69,69,69,69,69,71,71,71,68,74,74,70,66,70
Gedson Fernandes,77,CM,77,74,77,77,77,77,77,77,77,77,69,73,73,69,62,69
Callum McGregor,77,CDM,76,71,76,75,75,75,77,76,77,76,69,70,70,68,60,68
Jordan Teze,77,CB,65,60,65,64,64,64,65,67,68,67,67,74,74,69,66,69
Marius Wolf,77,RM,75,73,75,75,75,75,74,76,73,76,65,71,71,67,60,67
Rade Kruniƒá,77,CM,75,73,75,76,76,76,77,75,77,75,68,73,73,66,62,66
Marko Livaja,77,CF,76,77,76,77,77,77,76,75,69,75,54,69,69,51,49,51
Matias Vecino,77,CM,73,73,73,75,75,75,75,74,77,74,76,74,74,73,75,73
Romain Saiss,77,CB,63,63,63,65,65,65,67,66,72,66,70,72,72,66,67,66
Lucas Boye,77,ST,74,77,74,75,75,75,73,72,69,72,57,69,69,55,54,55
Gaetano Castrovilli,77,CM,77,69,77,75,75,75,77,77,77,77,67,70,70,67,58,67
Rasmus Kristensen,77,RB,72,71,72,71,71,71,71,73,72,73,67,75,75,69,64,69
Callum Hudson-Odoi,77,LW,77,70,77,75,75,75,76,77,71,77,57,67,67,58,48,58
Sasa Lukic,77,CM,73,69,73,73,73,73,75,74,77,74,68,70,70,65,60,65
Jeremie Boga,77,LW,77,73,77,76,76,76,75,76,69,76,54,66,66,55,46,55
Maxence Lacroix,77,CB,58,53,58,58,58,58,60,61,63,61,66,72,72,67,66,67
Jan Kuchta,77,ST,74,77,74,75,75,75,73,73,67,73,54,68,68,52,49,52
Philipp Max,77,LB,74,69,74,73,73,73,73,75,74,75,68,74,74,69,61,69
Sergino Dest,77,RB,77,68,77,75,75,75,76,77,75,77,67,71,71,69,59,69
De Marcos,77,RB,72,69,72,72,72,72,72,74,73,74,68,73,73,69,63,69
Gonzalo Plata,77,RM,78,72,78,76,76,76,77,76,70,76,59,65,65,59,52,59
Damien Suarez,77,RB,70,69,70,70,70,70,69,71,71,71,68,74,74,69,65,69
Jordan Ferri,77,CDM,70,66,70,71,71,71,73,72,76,72,70,68,68,65,61,65
Konstantinos Tsimikas,77,LB,72,65,72,70,70,70,71,73,72,73,67,73,73,69,62,69
Fidel,77,LM,75,70,75,75,75,75,76,76,73,76,61,68,68,61,52,61
Deniz Undav,77,ST,75,77,75,76,76,76,75,74,69,74,52,65,65,49,45,49
Stefan Lainer,77,RB,68,67,68,68,68,68,68,70,70,70,67,71,71,68,63,68
Pascal Grog,77,CM,74,70,74,74,74,74,76,75,77,75,65,69,69,61,55,61
Galeno,77,LM,77,73,77,77,77,77,75,76,68,76,54,63,63,56,46,56
Sofiane Boufal,77,CF,78,71,78,77,77,77,78,77,72,77,53,60,60,51,40,51
Bruno Viana,77,CB,54,54,54,54,54,54,55,57,61,57,65,70,70,65,65,65
Michy Batshuayi,77,ST,73,77,73,74,74,74,71,70,61,70,46,66,66,48,43,48
Ruben Aguilar,77,RB,70,64,70,69,69,69,70,73,73,73,68,73,73,69,62,69
Dyego Sousa,77,ST,71,77,71,74,74,74,71,70,65,70,50,66,66,47,46,47
Oliver Skipp,77,CDM,64,57,64,64,64,64,67,67,72,67,69,66,66,66,62,66
Jean-David Beauguel,77,ST,68,76,68,73,73,73,69,66,63,66,50,61,61,46,47,46
Gorosabel,77,RB,69,61,69,67,67,67,69,71,71,71,67,74,74,69,63,69
Yerry Mina,77,CB,54,59,54,58,58,58,58,56,64,56,65,68,68,59,67,59
Issa Diop,77,CB,51,52,51,53,53,53,53,54,59,54,64,68,68,63,66,63
German Pezzella,77,CB,52,56,52,54,54,54,53,53,57,53,69,68,68,67,77,67
Salem Al Dawsari,77,LW,77,74,77,76,76,76,75,76,71,76,65,65,65,64,59,64
Moussa Marega,77,ST,74,77,74,75,75,75,72,74,66,74,52,69,69,53,49,53
Milton Casco,77,LB,77,73,77,77,77,77,77,78,77,78,69,75,75,70,63,70
Matias Suarez,77,ST,79,78,79,79,79,79,79,77,74,77,58,70,70,56,51,56
Matteo Pessina,77,CAM,76,73,76,76,76,76,77,76,77,76,69,71,71,68,61,68
Fabian Schar,77,CB,65,67,65,67,67,67,68,66,71,66,75,72,72,72,77,72
Giulio Maggiore,77,CM,72,68,72,74,74,74,75,74,77,74,70,70,70,68,62,68
Andres Guardado,77,CDM,74,68,74,73,73,73,76,75,78,75,70,70,70,67,60,67
Sebastian Villa,77,LW,77,71,77,76,76,76,75,77,67,77,49,61,61,51,38,51
Valentin Castellanos,77,ST,74,76,74,76,76,76,75,74,70,74,55,67,67,54,48,54
Ihlas Bebou,77,ST,78,77,78,78,78,78,76,77,68,77,51,68,68,55,44,55
Rodrigo,77,CAM,78,77,78,78,78,78,77,77,72,77,56,71,71,57,49,57
Nico Elvedi,77,CB,63,56,63,62,62,62,64,65,67,65,67,75,75,69,67,69
Jack Harrison,77,LM,76,72,76,76,76,76,75,76,71,76,57,65,65,58,47,58
Benoit Badiashile,77,CB,58,57,58,61,61,61,63,62,69,62,68,71,71,64,66,64
Matt Doherty,77,RWB,73,70,73,73,73,73,73,74,74,74,68,76,76,69,65,69
Mario Balotelli,77,ST,74,76,74,75,75,75,75,72,68,72,51,65,65,46,45,46
De Frutos,77,RM,76,71,76,75,75,75,76,76,71,76,55,64,64,55,44,55
Nani,77,LM,77,74,77,77,77,77,78,76,72,76,53,61,61,49,41,49
Miguel Veloso,77,CM,71,67,71,71,71,71,74,71,77,71,68,71,71,64,60,64
Illarramendi,77,CM,71,67,71,72,72,72,74,71,77,71,69,66,66,64,61,64
Merih Demiral,77,CB,51,52,51,51,51,51,52,53,56,53,63,67,67,63,66,63
Danilo,77,LB,70,65,70,68,68,68,69,70,71,70,67,73,73,68,64,68
Pedro Chirivella,77,CDM,67,61,67,67,67,67,70,70,75,70,69,66,66,65,60,65
Jonjo Shelvey,77,CM,69,68,69,70,70,70,73,71,77,71,67,67,67,60,58,60
Franck Ribery,77,CF,77,71,77,77,77,77,79,77,74,77,53,57,57,48,38,48
Mohammed Salisu,77,CB,51,51,51,51,51,51,51,54,57,54,64,69,69,64,66,64
Negredo,77,ST,68,76,68,73,73,73,71,66,66,66,52,64,64,45,48,45
Wout Faes,77,CB,52,53,52,55,55,55,55,56,63,56,66,68,68,63,66,63
Pepe,77,LM,76,68,76,73,73,73,74,76,68,76,50,61,61,52,38,52
Breel Embolo,77,ST,75,77,75,77,77,77,75,75,73,75,61,71,71,59,56,59
Olivier Boscagli,77,CB,69,62,69,68,68,68,71,71,75,71,70,76,76,70,66,70
Yussuf Poulsen,77,ST,75,77,75,76,76,76,74,75,70,75,60,73,73,61,58,61
Andrija Zivkovic,77,RW,77,71,77,76,76,76,76,76,73,76,61,65,65,62,51,62
Mykola Shaparenko,77,CM,76,70,76,75,75,75,77,76,77,76,68,67,67,66,57,66
Kouadio Manu Kone,77,CM,76,72,76,76,76,76,77,76,77,76,68,73,73,67,61,67
Ben Godfrey,77,CB,62,57,62,61,61,61,62,64,65,64,66,74,74,68,66,68
Manuel Ugarte,77,CM,73,66,73,73,73,73,75,74,77,74,70,67,67,67,61,67
Stephan El Shaarawy,77,LW,77,75,77,76,76,76,77,76,70,76,58,67,67,59,53,59
Cristhian Stuani,77,ST,72,76,72,74,74,74,72,71,69,71,61,72,72,59,60,59
Rochina,77,RM,76,73,76,77,77,77,78,76,76,76,62,67,67,59,53,59
Jonas Svensson,77,RB,71,67,71,71,71,71,71,73,72,73,68,73,73,69,63,69
Igor Coronado,77,CAM,77,72,77,76,76,76,77,77,73,77,60,67,67,60,49,60
Alberto Moreno,77,LB,75,71,75,74,74,74,74,75,73,75,67,75,75,69,62,69
Kelechi Iheanacho,77,ST,76,77,76,78,78,78,77,74,71,74,58,64,64,54,52,54
Dani Ceballos,77,CM,74,68,74,74,74,74,76,75,77,75,74,65,65,70,66,70
Gustavo Bou,77,ST,75,77,75,76,76,76,74,74,69,74,52,67,67,52,45,52
Brais Mendez,77,RM,76,72,76,76,76,76,77,76,75,76,67,68,68,64,61,64
Umar Sadiq,77,ST,72,76,72,74,74,74,71,71,63,71,46,66,66,46,41,46
Max Kilman,77,CB,58,55,58,59,59,59,61,61,66,61,67,70,70,65,66,65
Patson Daka,77,ST,74,77,74,75,75,75,72,72,64,72,47,65,65,47,41,47
Ludwig Augustinsson,77,LB,71,65,71,70,70,70,72,73,75,73,69,71,71,69,61,69
Ritsu Doan,77,RM,77,71,77,76,76,76,76,76,72,76,59,61,61,59,48,59
Stevan Jovetic,77,ST,76,77,76,77,77,77,77,74,70,74,52,67,67,49,45,49
Diego Godin,77,CB,57,60,57,59,59,59,59,59,67,59,73,77,77,73,77,73
Karim Rekik,77,CB,56,54,56,58,58,58,60,59,65,59,67,70,70,64,66,64
Benjamin Henrichs,77,RWB,70,63,70,68,68,68,70,72,71,72,67,72,72,69,62,69
Pavel Kaderabek,77,RWB,69,62,69,67,67,67,69,72,71,72,67,77,77,69,64,69
Marvin Friedrich,77,CB,52,53,52,53,53,53,55,55,61,55,65,69,69,64,66,64
Fabio Vieira,77,CAM,76,69,76,75,75,75,77,75,73,75,58,61,61,56,47,56
Mauro Icardi,77,ST,71,76,71,75,75,75,73,69,66,69,49,64,64,45,43,45
Dan Burn,77,CB,55,50,55,55,55,55,57,60,64,60,67,70,70,64,66,64
Habib Diallo,77,ST,71,77,71,74,74,74,70,69,62,69,47,65,65,46,43,46
Matt Targett,77,LB,67,60,67,65,65,65,67,70,70,70,66,71,71,68,61,68
Paulo Diaz,77,CB,68,66,68,68,68,68,69,70,72,70,69,76,76,68,67,68
Niklas Dorsch,77,CDM,74,71,74,74,74,74,75,74,76,74,69,72,72,67,62,67
Suat Serdar,77,CM,75,73,75,76,76,76,76,75,77,75,70,74,74,68,65,68
Moussa Sissoko,77,CDM,70,68,70,71,71,71,71,72,73,72,69,74,74,68,65,68
Darko Lazovic,77,LM,75,71,75,74,74,74,74,76,73,76,70,67,67,72,65,72
Abdou Diallo,77,CB,66,59,66,65,65,65,68,70,71,70,70,76,76,70,67,70
Ivan Toney,77,ST,73,77,73,75,75,75,73,72,68,72,62,71,71,60,61,60
Capa,77,RB,73,69,73,72,72,72,72,74,73,74,69,75,75,70,64,70
Anastasios Bakasetas,77,CAM,76,76,76,77,77,77,77,76,75,76,63,70,70,61,55,61
Tuta,77,CB,63,60,63,62,62,62,64,66,68,66,68,73,73,68,66,68
Unai Vencedor,77,CM,72,69,72,73,73,73,75,73,77,73,70,69,69,67,62,67
Dele Alli,77,CAM,76,77,76,77,77,77,77,75,76,75,65,73,73,63,60,63
Irfan Can Kahveci,77,CAM,77,71,77,76,76,76,77,77,76,77,64,67,67,63,54,63
Daniel James,77,RM,76,72,76,75,75,75,74,76,69,76,61,66,66,62,55,62
Johan Mojica,77,LB,73,68,73,72,72,72,72,74,71,74,66,74,74,69,62,69
Kevin Gameiro,77,ST,76,76,76,76,76,76,76,75,70,75,55,68,68,54,47,54
Noni Madueke,77,RW,77,72,77,76,76,76,76,75,68,75,51,65,65,52,42,52
Bruma,77,LW,77,72,77,76,76,76,75,76,68,76,51,64,64,53,41,53
Gelson Martins,77,RM,77,71,77,75,75,75,75,76,70,76,57,65,65,61,48,61
Silvan Widmer,77,RWB,72,69,72,71,71,71,71,74,73,74,67,75,75,69,62,69
Dario Benedetto,77,ST,74,77,74,76,76,76,75,73,70,73,53,66,66,50,45,50
Hugo Duro,77,ST,75,77,75,76,76,76,74,74,69,74,54,68,68,54,48,54
Christopher Trimmel,77,RWB,70,68,70,68,68,68,68,71,71,71,74,73,73,75,74,75
Giovanni Reyna,77,CAM,77,72,77,77,77,77,77,76,72,76,58,65,65,56,49,56
Isi,77,RM,77,70,77,75,75,75,75,76,70,76,55,65,65,55,44,55
Valentin Rosier,77,RB,70,64,70,68,68,68,68,71,68,71,65,73,73,69,62,69
Demarai Gray,77,LM,78,72,78,77,77,77,76,76,69,76,51,61,61,52,39,52
Stephy Mavididi,77,LM,76,76,76,76,76,76,75,76,67,76,51,66,66,52,44,52
Nicolas Pallois,77,CB,53,56,53,54,54,54,56,56,63,56,73,69,69,67,77,67
Ademola Lookman,77,LM,77,72,77,76,76,76,75,76,67,76,51,61,61,52,43,52
Carlos Izquierdoz,77,CB,51,57,51,54,54,54,53,54,61,54,65,68,68,63,65,63
Mathias Olivera,77,LB,68,63,68,67,67,67,67,70,68,70,66,74,74,69,64,69
Montoro,77,CDM,65,64,65,68,68,68,71,66,75,66,69,65,65,62,62,62
Christoph Kramer,77,CDM,65,60,65,66,66,66,68,68,73,68,69,66,66,64,62,64
Domingos Duarte,77,CB,52,51,52,53,53,53,54,56,61,56,66,69,69,65,67,65
Vitor Hugo,77,CB,46,49,46,47,47,47,47,49,53,49,61,67,67,63,66,63
Hugo Mallo,77,RB,62,54,62,60,60,60,62,65,67,65,67,73,73,69,64,69
Alex Oxlade-Chamberlain,77,CM,78,72,78,78,78,78,78,78,77,78,69,71,71,68,59,68
Khephren Thuram,77,CM,75,74,75,76,76,76,76,76,77,76,76,75,75,75,75,75
Riechedly Bazoer,77,CM,74,72,74,74,74,74,75,75,77,75,70,75,75,68,64,68
Mislav Orsic,77,LW,77,76,77,76,76,76,75,76,71,76,64,68,68,68,59,68
Fredrik Midtsjo,77,CM,73,68,73,73,73,73,75,75,77,75,70,72,72,69,62,69
Adrien Tameze,77,CM,74,71,74,74,74,74,75,75,77,75,71,75,75,71,66,71
Angelo Fulgini,77,CM,77,73,77,77,77,77,77,77,77,77,68,73,73,67,61,67
Davide Frattesi,77,CM,77,72,77,77,77,77,78,77,77,77,67,72,72,66,59,66
Roberto Soriano,77,CAM,76,73,76,76,76,76,77,77,77,77,67,71,71,66,59,66
Mohamed Camara,77,CDM,70,65,70,70,70,70,72,72,74,72,69,71,71,68,63,68
Flavien Tait,77,CM,75,71,75,75,75,75,76,76,77,76,67,67,67,66,57,66
Adrien Thomasson,77,CM,75,72,75,76,76,76,76,76,77,76,66,70,70,64,58,64
Luis Miguel Rodriguez,77,ST,78,80,78,79,79,79,79,77,76,77,62,73,73,62,57,62
Alexander Djiku,77,CB,63,57,63,62,62,62,64,66,68,66,67,74,74,67,66,67
Willian Arao,77,CDM,68,68,68,71,71,71,71,70,74,70,69,71,71,67,66,67
Davidson,77,LM,77,75,77,77,77,77,76,76,70,76,55,68,68,56,47,56
Burak Yilmaz,77,ST,73,78,73,75,75,75,72,71,66,71,52,66,66,50,47,50
Petros Mantalos,77,CAM,76,71,76,75,75,75,77,76,75,76,61,67,67,59,51,59
Joachim Andersen,77,CB,59,58,59,61,61,61,63,62,70,62,70,70,70,64,67,64
Hwang Hee Chan,77,LW,77,75,77,76,76,76,76,75,69,75,50,66,66,49,41,49
Musa Barrow,77,CF,77,75,77,77,77,77,76,76,68,76,48,62,62,48,38,48
Taiwo Awoniyi,77,ST,71,76,71,73,73,73,69,70,63,70,50,67,67,50,47,50
Franck Honorat,77,LM,76,73,76,75,75,75,75,76,70,76,55,67,67,57,46,57
Adam Hlozek,77,CAM,76,77,76,77,77,77,77,76,71,76,53,68,68,51,46,51
Iago,77,LWB,71,66,71,70,70,70,70,72,70,72,66,72,72,69,62,69
Vitolo,77,LM,76,75,76,76,76,76,76,76,71,76,52,66,66,49,42,49
Lutsharel Geertruida,77,RB,70,65,70,68,68,68,69,72,70,72,67,77,77,69,66,69
Emerson,77,LB,73,68,73,72,72,72,73,74,74,74,67,71,71,69,61,69
Florian Lejeune,77,CB,59,61,59,61,61,61,62,60,66,60,73,70,70,69,77,69
Moses Simon,77,LM,77,72,77,75,75,75,75,76,68,76,51,67,67,53,42,53
Kevin Mbabu,77,RB,69,64,69,68,68,68,68,71,69,71,66,73,73,70,64,70
Arthur Cabral,77,ST,72,76,72,75,75,75,73,71,66,71,50,67,67,48,45,48
Ismaila Sarr,77,RM,78,75,78,77,77,77,75,76,66,76,47,61,61,48,36,48
Diego Demme,77,CDM,66,58,66,66,66,66,69,70,73,70,69,69,69,66,61,66
David Lopez,77,CDM,62,64,62,65,65,65,66,64,71,64,69,72,72,64,66,64
Rob Holding,77,CB,56,51,56,57,57,57,59,60,65,60,67,70,70,64,66,64
Paulo Oliveira,77,CB,52,51,52,53,53,53,54,55,60,55,65,69,69,64,65,64
German,77,CB,51,52,51,54,54,54,55,56,63,56,67,67,67,63,67,63
