Name,Position,Rating,LW Rating,ST Rating,RW Rating,LF Rating,CF Rating,RF Rating,CAM Rating,LM Rating,CM Rating,RM Rating,CDM Rating,LWB Rating,RWB Rating,LB Rating,CB Rating,RB Rating,GK Rating
Karim Benzema,CF,91,87,89,87,89,89,89,88,86,81,86,64,75,75,60,55,60,0
Kylian Mbappe,ST,91,90,89,90,90,90,90,89,89,81,89,63,76,76,63,54,63,0
Lionel Messi,RW,91,90,87,90,91,91,91,92,89,85,89,63,73,73,59,50,59,0
Mohamed Salah,RW,90,88,86,88,88,88,88,88,87,82,87,68,74,74,67,58,67,0
Virgil van Dijk,CB,90,68,69,68,70,70,70,70,70,76,70,85,81,81,82,89,82,0
Cristiano Ronaldo,ST,90,86,90,86,88,88,88,85,84,78,84,59,77,77,58,53,58,0
Thibaut Courtois,GK,90,0,0,0,0,0,0,0,0,0,0,0,0,0,0,0,0,90
Manuel Neuer,GK,90,0,0,0,0,0,0,0,0,0,0,0,0,0,0,0,0,90
Casemiro,CDM,89,71,74,71,75,75,75,75,73,81,73,86,79,79,81,86,81,0
Sadio Mane,LM,89,86,86,86,87,87,87,86,86,79,86,65,77,77,65,59,65,0
N'Golo Kante,CDM,89,76,71,76,76,76,76,77,78,81,78,86,76,76,84,84,84,0
Joshua Kimmich,CDM,89,81,76,81,80,80,80,83,83,86,83,86,80,80,83,81,83,0
Neymar Jr,LW,89,88,83,88,88,88,88,88,88,82,88,63,70,70,61,50,61,0
Heung Min Son,LW,89,87,86,87,87,87,87,86,86,80,86,64,71,71,64,54,64,0
Harry Kane,ST,89,84,87,84,86,86,86,85,83,81,83,68,75,75,63,61,63,0
Ederson,GK,89,0,0,0,0,0,0,0,0,0,0,0,0,0,0,0,0,89
Alisson,GK,89,0,0,0,0,0,0,0,0,0,0,0,0,0,0,0,0,89
Jan Oblak,GK,89,0,0,0,0,0,0,0,0,0,0,0,0,0,0,0,0,89
Marquinhos,CB,88,73,70,73,73,73,73,75,76,79,76,85,82,82,84,87,84,0
Erling Haaland,ST,88,80,88,80,84,84,84,80,77,73,77,64,72,72,61,62,61,0
Toni Kroos,CM,88,80,77,80,81,81,81,83,81,86,81,81,70,70,74,71,74,0
Ruben Dias,CB,88,59,58,59,60,60,60,62,64,70,64,75,78,78,72,74,72,0
Joao Cancelo,LB,88,84,78,84,83,83,83,84,85,84,85,76,80,80,78,68,78,0
Luka Modric,CM,88,83,76,83,82,82,82,86,84,87,84,81,75,75,79,72,79,0
Bernardo Silva,CAM,88,86,79,86,84,84,84,86,86,84,86,70,71,71,68,56,68,0
Marc-Andre ter Stegen,GK,88,0,0,0,0,0,0,0,0,0,0,0,0,0,0,0,0,88
Keylor Navas,GK,88,0,0,0,0,0,0,0,0,0,0,0,0,0,0,0,0,88
Gianluigi Donnarumma,GK,88,0,0,0,0,0,0,0,0,0,0,0,0,0,0,0,0,88
Antonio Rudiger,CB,87,67,64,67,67,67,67,67,69,72,69,73,81,81,74,73,74,0
Kalidou Koulibaly,CB,87,59,56,59,60,60,60,61,63,67,63,79,77,77,78,86,78,0
Leon Goretzka,CM,87,83,84,83,84,84,84,84,83,85,83,84,83,83,82,83,82,0
Trent Alexander-Arnold,RB,87,80,74,80,79,79,79,82,83,85,83,76,78,78,76,67,76,0
Frenkie de Jong,CM,87,83,77,83,82,82,82,85,85,86,85,77,80,80,75,68,75,0
Thomas Muller,CAM,87,83,84,83,84,84,84,84,83,82,83,71,75,75,69,63,69,0
Rodri,CDM,87,74,75,74,77,77,77,79,76,83,76,84,77,77,79,82,79,0
Fabinho,CDM,87,75,72,75,75,75,75,76,77,81,77,77,79,79,75,72,75,0
Andrew Robertson,LB,87,78,70,78,77,77,77,78,81,81,81,82,77,77,84,79,84,0
Marco Verratti,CM,87,80,70,80,79,79,79,83,82,86,82,84,75,75,80,77,80,0
Hugo Lloris,GK,87,0,0,0,0,0,0,0,0,0,0,0,0,0,0,0,0,87
Mike Maignan,GK,87,0,0,0,0,0,0,0,0,0,0,0,0,0,0,0,0,87
De Gea,GK,87,0,0,0,0,0,0,0,0,0,0,0,0,0,0,0,0,87
Lautaro Martinez,ST,86,82,85,82,84,84,84,82,80,76,80,66,74,74,63,62,63,0
Sergej Milinkovic-Savic,CM,86,80,82,80,82,82,82,83,81,85,81,76,81,81,73,70,73,0
Nicola Barella,CM,86,82,77,82,81,81,81,83,83,85,83,84,77,77,82,78,82,0
Thiago,CM,86,81,74,81,80,80,80,84,82,85,82,75,75,75,70,64,70,0
Kingsley Coman,LM,86,84,80,84,83,83,83,83,84,75,84,55,70,70,56,45,56,0
Bruno Fernandes,CAM,86,83,82,83,84,84,84,85,84,86,84,79,76,76,76,71,76,0
David Alaba,CB,86,79,76,79,79,79,79,80,80,82,80,84,82,82,84,84,84,0
Paulo Dybala,CF,86,86,81,86,85,85,85,87,84,81,84,63,71,71,61,51,61,0
Aymeric Laporte,CB,86,64,63,64,66,66,66,68,67,74,67,82,77,77,78,85,78,0
Milan Skriniar,CB,86,59,58,59,60,60,60,61,63,67,63,80,76,76,79,85,79,0
Vinicius Jr.,LW,86,85,80,85,84,84,84,83,84,75,84,56,67,67,56,45,56,0
Raheem Sterling,LW,86,85,80,85,85,85,85,84,84,77,84,59,70,70,61,48,61,0
Riyad Mahrez,RW,86,85,80,85,85,85,85,85,84,78,84,61,66,66,59,49,59,0
Thiago Silva,CB,86,65,63,65,66,66,66,69,67,76,67,82,76,76,77,84,77,0
Marcelo Brozovic,CDM,86,77,74,77,77,77,77,80,78,83,78,76,76,76,74,68,74,0
Parejo,CM,86,80,76,80,80,80,80,83,80,85,80,79,71,71,74,71,74,0
Christopher Nkunku,CF,86,86,81,86,85,85,85,86,86,83,86,69,74,74,69,59,69,0
Romelu Lukaku,ST,86,80,84,80,82,82,82,79,79,73,79,56,74,74,55,52,55,0
Edouard Mendy,GK,86,0,0,0,0,0,0,0,0,0,0,0,0,0,0,0,0,86
Wojciech Szczesny,GK,86,0,0,0,0,0,0,0,0,0,0,0,0,0,0,0,0,86
Phil Foden,LW,85,84,77,84,83,83,83,85,84,82,84,71,67,67,69,59,69,0
Paul Pogba,CM,85,80,79,80,82,82,82,83,80,83,80,75,77,77,69,70,69,0
Gerard Moreno,ST,85,82,84,82,83,83,83,82,81,77,81,60,74,74,59,52,59,0
Pedri,CM,85,81,72,81,80,80,80,83,82,84,82,78,72,72,75,70,75,0
Serge Gnabry,RM,85,83,80,83,83,83,83,83,82,77,82,63,67,67,62,53,62,0
Memphis Depay,CF,85,84,82,84,84,84,84,84,84,77,84,59,71,71,56,49,56,0
Sergio Busquets,CDM,85,72,68,72,74,74,74,77,74,82,74,75,72,72,69,67,69,0
Diogo Jota,CF,85,83,85,83,84,84,84,82,82,78,82,65,76,76,64,59,64,0
Patrik Schick,ST,85,80,84,80,82,82,82,80,78,72,78,53,70,70,50,46,50,0
Iago Aspas,ST,85,84,83,84,84,84,84,83,82,76,82,58,68,68,57,49,57,0
Filip Kostic,LM,85,82,78,82,81,81,81,81,83,80,83,69,77,77,71,61,71,0
Nabil Fekir,CAM,85,84,80,84,84,84,84,84,84,79,84,63,70,70,60,53,60,0
Marcos Acuna,LB,85,82,76,82,81,81,81,82,83,83,83,83,79,79,83,80,83,0
Jamie Vardy,ST,85,80,84,80,82,82,82,79,79,73,79,65,73,73,66,63,66,0
Pierre-Emerick Aubameyang,ST,85,81,83,81,82,82,82,80,80,73,80,56,71,71,58,48,58,0
Ilkay Gundogan,CM,85,82,77,82,82,82,82,84,82,84,82,80,73,73,75,72,75,0
Theo Hernández,LB,85,81,78,81,80,80,80,79,81,78,81,79,80,80,82,79,82,0
Kyle Walker,RB,85,76,72,76,76,76,76,75,78,78,78,74,81,81,76,70,76,0
Niklas Sule,CB,85,58,60,58,61,61,61,63,62,70,62,79,74,74,76,84,76,0
Jorginho,CM,85,75,69,75,75,75,75,80,78,84,78,82,71,71,75,73,75,0
Marco Reus,CAM,85,83,79,83,83,83,83,84,82,80,82,69,70,70,67,59,67,0
Matthijs de Ligt,CB,85,64,66,64,65,65,65,64,65,68,65,78,79,79,78,84,78,0
Jordi Alba,LB,85,81,75,81,79,79,79,81,82,81,82,80,79,79,81,76,81,0
Yannick Carrasco,LM,85,84,80,84,83,83,83,83,83,79,83,64,73,73,66,54,66,0
Peter Gulacsi,GK,85,0,0,0,0,0,0,0,0,0,0,0,0,0,0,0,0,85
Yann Sommer,GK,85,0,0,0,0,0,0,0,0,0,0,0,0,0,0,0,0,85
Joao Felix,CF,84,84,81,84,84,84,84,85,83,79,83,63,72,72,61,54,61,0
Jude Bellingham,CM,84,80,77,80,81,81,81,82,80,83,80,82,76,76,78,78,78,0
Jules Kounde,CB,84,66,62,66,66,66,66,69,69,72,69,80,77,77,79,83,79,0
Marcos Llorente,CM,84,83,80,83,83,83,83,84,83,83,83,82,78,78,81,78,81,0
Alphonso Davies,LB,84,82,76,82,80,80,80,80,82,78,82,78,81,81,81,77,81,0
Mateo Kovacic,CM,84,80,71,80,79,79,79,83,81,84,81,73,73,73,69,61,69,0
Mats Hummels,CB,84,67,67,67,69,69,69,71,70,77,70,75,77,77,71,71,71,0
Hakan Calhanoglu,CM,84,81,76,81,82,82,82,84,81,84,81,71,69,69,68,58,68,0
Youri Tielemans,CM,84,79,77,79,80,80,80,82,80,84,80,79,74,74,74,72,74,0
Alessandro Bastoni,CB,84,63,56,63,61,61,61,64,68,71,68,81,78,78,81,84,81,0
Rafael Leao,LW,84,83,80,83,82,82,82,81,82,72,82,54,69,69,55,46,55,0
Domenico Berardi,RM,84,84,80,84,83,83,83,84,83,78,83,62,69,69,58,51,58,0
Kai Havertz,CAM,84,82,81,82,82,82,82,83,82,78,82,63,73,73,62,56,62,0
Dries Mertens,CF,84,84,77,84,83,83,83,84,82,77,82,57,63,63,56,42,56,0
Edin Dzeko,ST,84,77,83,77,80,80,80,78,76,74,76,62,67,67,56,56,56,0
Wissam Ben Yedder,ST,84,84,84,84,85,85,85,84,82,77,82,61,71,71,59,53,59,0
Oyarzabal,LW,84,83,80,83,83,83,83,83,83,77,83,55,68,68,55,43,55,0
Rodrigo Javier De Paul,CM,84,81,77,81,81,81,81,82,82,84,82,81,76,76,79,76,79,0
Reece James,RWB,84,79,75,79,79,79,79,79,81,80,81,73,81,81,75,68,75,0
Eden Hazard,LW,84,83,79,83,83,83,83,84,83,78,83,57,66,66,54,43,54,0
Muniain,LM,84,83,76,83,82,82,82,84,83,79,83,62,68,68,60,48,60,0
Jadon Sancho,LW,84,83,75,83,82,82,82,83,83,77,83,60,65,65,58,47,58,0
Mason Mount,CAM,84,82,78,82,82,82,82,83,82,82,82,66,69,69,63,53,63,0
Jack Grealish,LW,84,83,75,83,81,81,81,83,83,80,83,62,65,65,60,47,60,0
Federico Chiesa,LW,84,84,80,84,83,83,83,82,83,76,83,64,68,68,64,57,64,0
Sergio Ramos,CB,84,69,72,69,71,71,71,72,70,75,70,80,78,78,76,83,76,0
Angel Di Maria,RW,84,84,78,84,83,83,83,84,83,80,83,67,71,71,65,57,65,0
Luis Diaz,LW,84,84,81,84,83,83,83,82,83,75,83,56,71,71,57,47,57,0
Raphael Varane,CB,84,64,63,64,66,66,66,67,66,71,66,80,76,76,78,83,78,0
Fikayo Tomori,CB,84,61,57,61,60,60,60,61,63,65,63,77,77,77,79,84,79,0
Kieran Trippier,RB,84,75,71,75,75,75,75,76,78,80,78,80,78,78,81,78,81,0
Alejandro Gomez,CAM,84,83,75,83,81,81,81,83,82,77,82,57,65,65,56,41,56,0
Martin Odegaard,CAM,84,82,75,82,80,80,80,83,82,81,82,71,67,67,69,61,69,0
Dusan Vlahovic,ST,84,79,84,79,82,82,82,78,77,71,77,54,68,68,53,49,53,0
Achraf Hakimi,RB,84,81,78,81,80,80,80,80,82,79,82,78,79,79,81,76,81,0
Federico Valverde,CM,84,79,76,79,80,80,80,81,80,83,80,82,76,76,80,78,80,0
Ivan Perisic,LM,84,81,82,81,81,81,81,80,82,80,82,77,80,80,77,75,77,0
Luis Suarez,ST,84,80,85,80,82,82,82,80,78,77,78,66,77,77,64,63,64,0
Dusan Tadic,LW,84,83,80,83,83,83,83,84,83,80,83,65,70,70,61,55,61,0
Leroy Sane,LM,84,84,82,84,83,83,83,83,82,75,82,56,71,71,57,47,57,0
Wilfred Ndidi,CDM,84,68,68,68,70,70,70,70,70,76,70,75,76,76,72,71,72,0
Stefan de Vrij,CB,84,60,56,60,61,61,61,64,64,71,64,72,75,75,71,71,71,0
Carvajal,RB,84,75,68,75,74,74,74,75,78,77,78,73,79,79,74,68,74,0
Moussa Diaby,RM,84,83,73,83,80,80,80,81,82,75,82,63,64,64,63,50,63,0
Giorgio Chiellini,CB,84,55,56,55,54,54,54,55,57,61,57,75,75,75,75,83,75,0
Declan Rice,CDM,84,71,69,71,73,73,73,75,74,79,74,83,75,75,79,81,79,0
Franck Yannick Kessie,CDM,84,77,76,77,78,78,78,79,78,80,78,75,77,77,74,70,74,0
Sandro Tonali,CDM,84,78,76,78,78,78,78,79,79,81,79,82,77,77,80,79,80,0
Lorenzo Pellegrini,CAM,84,82,79,82,82,82,82,84,83,84,83,80,78,78,78,76,78,0
Eder Militao,CB,84,70,66,70,69,69,69,69,73,73,73,81,80,80,83,84,83,0
Canales,RM,84,83,77,83,82,82,82,84,83,84,83,78,71,71,75,69,75,0
Lucas Hernandez,CB,84,70,66,70,68,68,68,69,71,71,71,71,80,80,74,71,74,0
Thomas Partey,CDM,84,77,74,77,78,78,78,79,78,82,78,83,78,78,79,81,79,0
Leonardo Bonucci,CB,84,63,64,63,66,66,66,68,65,74,65,73,75,75,67,71,67,0
Joel Matip,CB,84,64,61,64,65,65,65,68,67,73,67,73,76,76,70,72,70,0
Lorenzo Insigne,LW,84,84,77,84,83,83,83,85,83,78,83,53,62,62,52,36,52,0
Stefan Savic,CB,84,53,51,53,54,54,54,57,57,65,57,70,72,72,68,71,68,0
Emiliano Martinez,GK,84,0,0,0,0,0,0,0,0,0,0,0,0,0,0,0,0,84
Samir Handanovic,GK,84,0,0,0,0,0,0,0,0,0,0,0,0,0,0,0,0,84
Yassine Bounou,GK,84,0,0,0,0,0,0,0,0,0,0,0,0,0,0,0,0,84
Koen Casteels,GK,84,0,0,0,0,0,0,0,0,0,0,0,0,0,0,0,0,84
Konrad Laimer,CDM,83,78,73,78,77,77,77,78,79,80,79,74,77,77,74,67,74,0
Koke,CM,83,78,73,78,78,78,78,79,80,82,80,75,75,75,73,66,73,0
Cody Gakpo,LW,83,83,80,83,82,82,82,81,82,75,82,61,71,71,60,53,60,0
Gabriel Jesus,ST,83,83,83,83,83,83,83,82,82,75,82,60,71,71,59,54,59,0
Hakim Ziyech,RW,83,82,76,82,81,81,81,83,83,81,83,69,66,66,66,57,66,0
Fabian Ruiz Pena,CM,83,80,77,80,81,81,81,82,80,83,80,73,71,71,70,63,70,0
Victor Osimhen,ST,83,79,83,79,81,81,81,77,77,70,77,58,72,72,58,56,58,0
Angelino,LWB,83,81,75,81,79,79,79,80,82,80,82,79,76,76,80,75,80,0
Jesus Navas,RB,83,81,74,81,79,79,79,80,82,81,82,71,75,75,75,63,75,0
David Silva,CAM,83,80,73,80,79,79,79,82,80,80,80,62,65,65,57,47,57,0
Roberto Firmino,CF,83,82,80,82,82,82,82,83,82,81,82,72,75,75,69,67,69,0
Jordan Henderson,CM,83,78,75,78,78,78,78,79,79,82,79,75,77,77,73,67,73,0
Ferland Mendy,LB,83,78,73,78,77,77,77,78,80,79,80,80,80,80,81,80,81,0
Ruben Neves,CM,83,74,70,74,75,75,75,78,76,82,76,74,72,72,70,64,70,0
Pierre-Emile Hojbjerg,CDM,83,73,72,73,74,74,74,75,74,80,74,82,73,73,76,79,76,0
Ricardo Pereira,RB,83,78,73,78,78,78,78,78,79,79,79,73,78,78,74,67,74,0
Bremer,CB,83,61,63,61,63,63,63,61,63,65,63,76,74,74,76,82,76,0
Jose Maria Gimenez,CB,83,55,56,55,56,56,56,56,58,63,58,76,74,74,76,83,76,0
Carlos Soler Barragan,CM,83,80,76,80,80,80,80,81,81,82,81,72,73,73,71,62,71,0
Juan Cuadrado,RB,83,83,78,83,81,81,81,81,82,79,82,71,80,80,75,66,75,0
John Stones,CB,83,69,64,69,69,69,69,71,71,74,71,81,79,79,79,83,79,0
Raul De Tomas Gomez,ST,83,81,82,81,82,82,82,82,80,76,80,59,71,71,55,51,55,0
Ronald Araujo,CB,83,63,63,63,64,64,64,63,65,67,65,77,77,77,78,82,78,0
Marco Asensio,RW,83,82,78,82,81,81,81,82,81,78,81,59,68,68,59,47,59,0
Cristian Romero,CB,83,59,60,59,60,60,60,60,61,64,61,77,74,74,76,83,76,0
Ángel Correa,ST,83,84,83,84,85,85,85,84,83,78,83,67,71,71,66,60,66,0
Thomas Lemar,CM,83,83,77,83,82,82,82,84,83,83,83,71,74,74,72,61,72,0
Presnel Kimpembe,CB,83,64,60,64,64,64,64,66,68,72,68,81,78,78,80,83,80,0
Diego Carlos,CB,83,62,61,62,65,65,65,66,64,70,64,71,74,74,68,70,68,0
Ousmane Dembele,RW,83,83,76,83,81,81,81,82,83,75,83,58,65,65,58,46,58,0
Luis Alberto,CM,83,77,72,77,79,79,79,82,78,82,78,71,66,66,64,59,64,0
Merino,CM,83,80,80,80,81,81,81,81,81,83,81,75,81,81,74,71,74,0
Raphinha,RW,83,83,78,83,82,82,82,81,82,77,82,67,70,70,66,58,66,0
Antoine Griezmann,ST,83,84,83,84,84,84,84,84,83,80,83,68,77,77,68,62,68,0
Piotr Zielienski,CAM,83,82,77,82,82,82,82,83,82,82,82,70,71,71,70,59,70,0
Pique,CB,83,67,68,67,69,69,69,71,68,75,68,73,75,75,69,71,69,0
Fernando,CDM,83,70,68,70,72,72,72,74,72,79,72,82,76,76,78,82,78,0
Pau Torres,CB,83,63,57,63,63,63,63,66,67,72,67,81,77,77,79,83,79,0
Dusan Zapata,ST,83,76,83,76,80,80,80,77,75,69,75,52,69,69,49,47,49,0
Oliver Baumann,GK,83,0,0,0,0,0,0,0,0,0,0,0,0,0,0,0,0,83
Kasper Schmeichel,GK,83,0,0,0,0,0,0,0,0,0,0,0,0,0,0,0,0,83
Gregor Kobel,GK,83,0,0,0,0,0,0,0,0,0,0,0,0,0,0,0,0,83
Lukas Hradecky,GK,83,0,0,0,0,0,0,0,0,0,0,0,0,0,0,0,0,83
Unai Simon,GK,83,0,0,0,0,0,0,0,0,0,0,0,0,0,0,0,0,83
Sergi Darder,CM,82,80,75,80,80,80,80,81,81,82,81,73,75,75,72,64,72,0
Lucas Tolentino Coelho de Lima,CAM,82,80,78,80,81,81,81,82,80,81,80,70,75,75,68,63,68,0
Robin Gosens,LWB,82,79,80,79,79,79,79,77,80,77,80,72,82,82,74,68,74,0
Manuel Locatelli,CDM,82,76,73,76,77,77,77,78,77,82,77,74,74,74,71,66,71,0
Antony Matheus dos Santos,RW,82,82,75,82,80,80,80,80,81,73,81,56,65,65,55,44,55,0
Grimaldo,LB,82,79,72,79,78,78,78,80,81,81,81,72,76,76,74,64,74,0
Matthias Ginter,CB,82,65,66,65,67,67,67,68,68,74,68,80,76,76,77,81,77,0
Ben Chilwell,LWB,82,76,71,76,75,75,75,75,78,77,78,71,79,79,73,66,73,0
Sebastien Haller,ST,82,72,80,72,77,77,77,75,71,70,71,59,72,72,57,58,57,0
Simon Kjaer,CB,82,58,59,58,59,59,59,60,60,65,60,69,72,72,67,69,67,0
Dimitri Payet,CAM,82,81,77,81,80,80,80,82,80,77,80,62,66,66,59,51,59,0
Emre Can,CM,82,78,79,78,80,80,80,80,79,82,79,83,81,81,81,84,81,0
Kevin Volland,ST,82,80,82,80,81,81,81,80,80,77,80,65,73,73,62,60,62,0
Bukayo Saka,RM,82,81,75,81,80,80,80,80,81,77,81,73,70,70,74,66,74,0
Gonçalo Guedes,ST,82,81,82,81,81,81,81,79,80,73,80,57,70,70,57,49,57,0
Andre Silva,ST,82,79,83,79,81,81,81,80,78,75,78,61,72,72,58,55,58,0
Giovanni Di Lorenzo,RB,82,75,72,75,74,74,74,74,76,75,76,78,78,78,80,78,80,0
Noussair Mazraoui,RB,82,80,74,80,79,79,79,80,81,80,81,72,77,77,74,65,74,0
Toby Alderweireld,CB,82,63,63,63,65,65,65,66,66,72,66,72,75,75,70,70,70,0
Isco,CAM,82,80,74,80,79,79,79,81,79,79,79,64,68,68,61,54,61,0
Coutinho,CAM,82,81,75,81,80,80,80,82,80,79,80,67,65,65,63,56,63,0
Jonathan Tah,CB,82,55,54,55,57,57,57,59,59,66,59,70,72,72,67,70,67,0
Zlatan Ibrahimovic,ST,82,77,81,77,80,80,80,79,74,72,74,56,69,69,49,52,49,0
Christian Eriksen,CM,82,79,74,79,79,79,79,81,79,81,79,63,64,64,57,47,57,0
Willi Orban,CB,82,52,52,52,53,53,53,54,55,60,55,66,72,72,65,70,65,0
Ruslan Malinovskyi,CF,82,81,80,81,82,82,82,82,81,82,81,70,76,76,67,62,67,0
Anderson Talisca,CF,82,81,81,81,82,82,82,81,80,78,80,67,72,72,65,61,65,0
Aurelien Tchouameni,CM,82,76,73,76,77,77,77,79,77,82,77,76,77,77,73,70,73,0
Wilfried Zaha,LW,82,81,77,81,80,80,80,80,81,73,81,57,67,67,57,47,57,0
Azpilicueta,CB,82,69,65,69,69,69,69,71,72,75,72,81,78,78,80,81,80,0
Raul Jimenez,ST,82,79,80,79,80,80,80,79,79,76,79,65,72,72,61,60,61,0
Otavio,RM,82,80,73,80,79,79,79,80,81,79,81,74,70,70,71,66,71,0
Gabriel Paulista,CB,82,63,61,63,63,63,63,65,67,71,67,72,77,77,72,71,72,0
Idrissa Gueye,CDM,82,72,70,72,74,74,74,74,73,78,73,74,75,75,72,69,72,0
Leonardo Spinazzola,LWB,82,79,73,79,77,77,77,77,79,75,79,69,77,77,73,65,73,0
Luis Muriel,ST,82,83,82,83,83,83,83,82,81,72,81,50,68,68,51,41,51,0
Arnaut Danjuma,LM,82,82,78,82,81,81,81,81,81,74,81,58,70,70,59,48,59,0
Florian Wirtz,CAM,82,81,73,81,80,80,80,82,82,79,82,68,65,65,65,56,65,0
Dani Olmo,CAM,82,80,74,80,80,80,80,82,81,80,81,68,65,65,64,55,64,0
Geoffrey Kondogbia,CM,82,76,77,76,78,78,78,79,77,82,77,76,78,78,72,71,72,0
Nico Schlotterbeck,CB,82,67,67,67,68,68,68,69,69,73,69,72,75,75,70,70,70,0
Marko Arnautovic,ST,82,79,80,79,80,80,80,80,79,76,79,60,74,74,58,53,58,0
Lucas Digne,LB,82,77,73,77,76,76,76,77,78,78,78,72,80,80,74,67,74,0
Inigo Martinez,CB,82,62,63,62,63,63,63,64,63,70,63,71,76,76,70,70,70,0
Rafa,RW,82,82,75,82,81,81,81,81,81,75,81,63,66,66,66,54,66,0
Nacho Fernandez,CB,82,63,56,63,61,61,61,63,67,69,67,71,78,78,73,70,73,0
Timo Werner,ST,82,81,82,81,82,82,82,79,80,71,80,52,68,68,54,44,54,0
James Maddison,CAM,82,81,74,81,80,80,80,82,81,80,81,64,65,65,60,49,60,0
Gaya,LB,82,77,70,77,75,75,75,76,78,78,78,72,74,74,74,65,74,0
Sebastian Coates,CB,82,58,61,58,62,62,62,62,62,68,62,71,68,68,67,70,67,0
Francesco Acerbi,CB,82,57,58,57,60,60,60,62,60,70,60,72,72,72,67,70,67,0
Christian Pulisic,LW,82,81,75,81,80,80,80,79,80,72,80,57,68,68,60,49,60,0
Julian Brandt,CAM,82,81,76,81,81,81,81,82,81,80,81,67,68,68,64,56,64,0
Andreas Christensen,CB,82,61,53,61,60,60,60,63,65,69,65,72,75,75,70,70,70,0
Olivier Giroud,ST,82,73,80,73,77,77,77,75,71,72,71,60,69,69,52,57,52,0
Raul Albiol,CB,82,53,52,53,56,56,56,59,55,67,55,70,69,69,63,69,63,0
Ismael Bennacer,CDM,82,78,72,78,78,78,78,80,79,81,79,81,76,76,78,77,78,0
Darwin Nunez,ST,82,78,82,78,79,79,79,76,77,71,77,60,71,71,61,57,61,0
Yuri Berchiche,LB,82,75,72,75,74,74,74,74,76,76,76,72,80,80,74,69,74,0
Ivan Rakitic,CM,82,77,75,77,78,78,78,80,78,82,78,80,69,69,75,73,75,0
Ferran Torres,LW,82,82,81,82,82,82,82,82,82,76,82,59,71,71,58,50,58,0
Denzel Dumfries,RWB,82,73,72,73,73,73,73,71,75,73,75,78,81,81,80,80,80,0
Raphael Guerreiro,LB,82,83,76,83,82,82,82,84,83,84,83,79,71,71,79,70,79,0
Tammy Abraham,ST,82,78,82,78,81,81,81,78,76,70,76,56,69,69,55,53,55,0
Steven Berghuis,CAM,82,82,78,82,81,81,81,82,82,78,82,63,66,66,60,51,60,0
Andrej Kramaric,CF,82,81,79,81,81,81,81,82,80,74,80,54,68,68,51,43,51,0
Aritz Elustondo,CB,82,59,55,59,57,57,57,59,62,65,62,70,78,78,72,70,72,0
Andre Onana,GK,82,0,0,0,0,0,0,0,0,0,0,0,0,0,0,0,0,82
Aaron Ramsdale,GK,82,0,0,0,0,0,0,0,0,0,0,0,0,0,0,0,0,82
Lukasz Fabianski,GK,82,0,0,0,0,0,0,0,0,0,0,0,0,0,0,0,0,82
Rui Patricio,GK,82,0,0,0,0,0,0,0,0,0,0,0,0,0,0,0,0,82
Jordan Pickford,GK,82,0,0,0,0,0,0,0,0,0,0,0,0,0,0,0,0,82
Anthony Lopes,GK,82,0,0,0,0,0,0,0,0,0,0,0,0,0,0,0,0,82
Geronimo Rulli,GK,82,0,0,0,0,0,0,0,0,0,0,0,0,0,0,0,0,82
Alex Remiro,GK,82,0,0,0,0,0,0,0,0,0,0,0,0,0,0,0,0,82
David Soria,GK,82,0,0,0,0,0,0,0,0,0,0,0,0,0,0,0,0,82
Lucas Ocampos,LW,81,81,81,81,81,81,81,81,81,79,81,68,76,76,67,61,67,0
Andre-Franck Zambo Anguissa,CDM,81,76,74,76,77,77,77,78,77,79,77,80,76,76,78,80,78,0
Dejan Kulusevski,RW,81,81,77,81,80,80,80,81,81,78,81,66,73,73,65,57,65,0
Jan Vertonghen,CB,81,67,67,67,67,67,67,67,68,71,68,70,77,77,71,69,71,0
Yves Bissouma,CDM,81,74,71,74,75,75,75,76,75,79,75,73,75,75,71,67,71,0
Oscar,CAM,81,81,76,81,80,80,80,81,81,79,81,65,72,72,64,54,64,0
Ever Banega,CM,81,78,72,78,77,77,77,80,78,81,78,73,71,71,69,63,69,0
Edmond Tapsoba,CB,81,62,62,62,64,64,64,66,65,71,65,72,73,73,68,69,68,0
Ricardo Horta,CF,81,81,78,81,81,81,81,81,80,77,80,64,67,67,62,54,62,0
Gaetan Laborde,ST,81,79,81,79,80,80,80,79,79,74,79,61,72,72,58,55,58,0
Pablo Sarabia,RW,81,81,76,81,80,80,80,81,80,79,80,63,66,66,62,51,62,0
Mehdi Taremi,ST,81,80,80,80,81,81,81,80,79,74,79,58,70,70,57,51,57,0
Jamal Musiala,CM,81,80,74,80,80,80,80,81,79,79,79,72,68,68,71,64,71,0
Joao Moutinho,CM,81,74,70,74,74,74,74,77,75,80,75,70,71,71,66,60,66,0
Jesus Corona,RW,81,81,74,81,79,79,79,81,81,80,81,70,76,76,72,63,72,0
Marc Bartra,CB,81,70,68,70,71,71,71,73,71,76,71,72,77,77,70,69,70,0
Corentin Tolisso,CM,81,77,79,77,79,79,79,80,77,81,77,72,77,77,69,68,69,0
Inaki Williams,ST,81,80,81,80,80,80,80,78,80,71,80,55,73,73,56,48,56,0
Manuel Akanji,CB,81,65,61,65,65,65,65,68,68,72,68,72,77,77,71,70,71,0
Lucas Torreira,CDM,81,75,72,75,75,75,75,76,76,78,76,80,71,71,78,76,78,0
Marcus Rashford,LW,81,80,80,80,81,81,81,79,79,73,79,60,70,70,60,54,60,0
Stanislav Lobotka,CM,81,77,69,77,76,76,76,79,78,81,78,72,72,72,69,61,69,0
Alexandre Lacazette,ST,81,79,80,79,80,80,80,80,78,75,78,63,71,71,59,57,59,0
Hirving Lozano,RW,81,81,78,81,80,80,80,79,79,72,79,55,67,67,57,46,57,0
Miralem Pjanic,CM,81,76,71,76,76,76,76,79,77,80,77,71,72,72,69,61,69,0
Martin Terrier,LW,81,80,80,80,80,80,80,79,79,73,79,57,70,70,57,51,57,0
Edin Visca,RM,81,81,75,81,79,79,79,79,80,75,80,59,67,67,60,46,60,0
Joe Gomez,CB,81,64,54,64,61,61,61,64,67,68,67,69,77,77,71,69,71,0
Mario Gotze,CAM,81,80,74,80,79,79,79,81,80,80,80,71,67,67,67,60,67,0
Nicolas Tagliafico,LB,81,72,68,72,71,71,71,72,75,74,75,71,79,79,73,68,73,0
Ibrahima Konate,CB,81,58,53,58,58,58,58,60,61,65,61,69,73,73,68,69,68,0
Allan Saint-Maximin,LM,81,81,76,81,80,80,80,80,80,71,80,53,67,67,53,43,53,0
Chris Smalling,CB,81,58,59,58,58,58,58,59,60,63,60,66,72,72,66,69,66,0
Vincenzo Grifo,LM,81,79,74,79,78,78,78,78,79,74,79,61,64,64,59,50,59,0
Emil Forsberg,CAM,81,80,72,80,79,79,79,81,80,77,80,58,63,63,53,42,53,0
Josko Gvardiol,CB,81,69,66,69,69,69,69,69,71,72,71,78,78,78,78,81,78,0
Antonin Barak,CF,81,80,78,80,81,81,81,81,81,80,81,68,74,74,68,60,68,0
Richarlison,ST,81,80,81,80,80,80,80,79,79,74,79,66,76,76,66,64,66,0
Palhinha,CDM,81,69,70,69,71,71,71,71,71,75,71,73,76,76,70,70,70,0
Lucas Vazquez,RB,81,79,74,79,79,79,79,79,80,79,80,76,73,73,78,71,78,0
David Raum,LWB,81,75,67,75,72,72,72,74,77,74,77,68,75,75,72,62,72,0
Nicolas Otamendi,CB,81,59,62,59,61,61,61,61,61,67,61,77,73,73,75,81,75,0
Harry Maguire,CB,81,62,65,62,66,66,66,67,65,73,65,71,74,74,66,70,66,0
Gianluca Mancini,CB,81,55,57,55,57,57,57,56,58,61,58,74,72,72,74,81,74,0
Felipe,CB,81,55,55,55,56,56,56,58,58,64,58,68,73,73,65,70,65,0
Gabriel,CB,81,55,54,55,57,57,57,59,59,66,59,69,72,72,67,70,67,0
Nicolo Zaniolo,CF,81,80,78,80,81,81,81,80,79,76,79,66,73,73,65,60,65,0
Evan Ndicka,CB,81,71,66,71,71,71,71,72,73,75,73,72,79,79,72,69,72,0
Thomas Delaney,CDM,81,73,74,73,74,74,74,74,74,76,74,72,78,78,72,69,72,0
Giovani Lo Celso,CM,81,80,76,80,80,80,80,81,80,81,80,71,73,73,68,62,68,0
Pedro Goncalves,RW,81,81,77,81,81,81,81,82,81,80,81,71,65,65,68,60,68,0
Kerem Demirbay,CM,81,79,74,79,79,79,79,81,79,81,79,71,71,71,68,61,68,0
Jonas Hofmann,CAM,81,79,74,79,79,79,79,80,80,79,80,74,69,69,72,66,72,0
Kalvin Phillips,CDM,81,72,69,72,72,72,72,74,74,78,74,73,76,76,71,67,71,0
Teji Savanier,CAM,81,79,73,79,78,78,78,81,79,81,79,78,67,67,74,69,74,0
Naby Keita,CM,81,78,73,78,78,78,78,81,78,80,78,70,67,67,66,59,66,0
Tomas Soucek,CDM,81,72,74,72,74,74,74,74,74,78,74,73,78,78,71,70,71,0
James Ward-Prowse,CM,81,76,70,76,75,75,75,77,78,80,78,76,72,72,73,68,73,0
Cucurella,LB,81,78,72,78,77,77,77,78,79,79,79,72,75,75,72,64,72,0
Rafael Toloi,CB,81,59,60,59,60,60,60,61,61,66,61,69,73,73,69,69,69,0
Rodrygo,RW,81,81,76,81,80,80,80,79,80,72,80,54,66,66,57,45,57,0
Carlos Vela,RW,81,81,79,81,81,81,81,80,79,72,79,54,66,66,52,45,52,0
Lisandro Martinez,CB,81,72,68,72,71,71,71,73,74,77,74,81,79,79,79,81,79,0
Benjamin Bourigeaud,RW,81,81,77,81,80,80,80,81,81,81,81,70,75,75,69,61,69,0
Mateus Uribe,CM,81,78,76,78,79,79,79,79,79,81,79,81,77,77,80,79,80,0
Denis Zakaria,CDM,81,74,70,74,74,74,74,75,76,76,76,73,76,76,72,69,72,0
Gareth Bale,RW,81,80,82,80,81,81,81,80,79,75,79,66,77,77,66,64,66,0
Seko Fofana,CM,81,77,75,77,78,78,78,79,78,81,78,80,73,73,76,75,76,0
Mario Pasalic,CAM,81,80,79,80,81,81,81,81,80,80,80,76,73,73,73,71,73,0
Robert Andrich,CDM,81,73,75,73,75,75,75,74,74,77,74,72,76,76,70,68,70,0
Henrikh Mkhitaryan,CAM,81,81,79,81,81,81,81,81,81,78,81,69,72,72,69,63,69,0
Bruno Guimaraes,CM,81,76,71,76,76,76,76,78,77,81,77,73,73,73,70,65,70,0
Ibrahim Sangare,CDM,81,71,70,71,72,72,72,73,73,76,73,73,75,75,71,69,71,0
Pedro Porro,RWB,81,78,75,78,77,77,77,77,79,77,79,77,75,75,79,75,79,0
Matheus Cunha,ST,81,82,81,82,82,82,82,81,81,74,81,54,70,70,54,45,54,0
Pepe,CB,81,59,59,59,60,60,60,60,62,66,62,69,74,74,69,70,69,0
Dayot Upamecano,CB,81,62,59,62,63,63,63,64,65,67,65,75,77,77,75,81,75,0
Kieran Tierney,LB,81,76,69,76,74,74,74,75,77,75,77,70,77,77,73,65,73,0
Matteo Politano,RW,81,81,74,81,79,79,79,80,80,75,80,61,61,61,60,49,60,0
Borja Iglesias,ST,81,73,79,73,77,77,77,75,72,70,72,54,67,67,50,49,50,0
Guido Rodriguez,CDM,81,65,64,65,68,68,68,69,67,75,67,73,68,68,69,68,69,0
Robin Le Normand,CB,81,50,47,50,50,50,50,52,55,61,55,68,73,73,67,70,67,0
Adan,GK,81,0,0,0,0,0,0,0,0,0,0,0,0,0,0,0,0,81
Neto,GK,81,0,0,0,0,0,0,0,0,0,0,0,0,0,0,0,0,81
Nick Pope,GK,81,0,0,0,0,0,0,0,0,0,0,0,0,0,0,0,0,81
Juan Musso,GK,81,0,0,0,0,0,0,0,0,0,0,0,0,0,0,0,0,81
Alphonse Areola,GK,81,0,0,0,0,0,0,0,0,0,0,0,0,0,0,0,0,81
Jose Sa,GK,81,0,0,0,0,0,0,0,0,0,0,0,0,0,0,0,0,81
Odisseas Vlachodimos,GK,81,0,0,0,0,0,0,0,0,0,0,0,0,0,0,0,0,81
Weston McKennie,CM,80,79,78,79,79,79,79,79,80,80,80,72,80,80,73,69,73,0
Georginio Wijnaldum,CM,80,76,74,76,77,77,77,78,77,79,77,72,76,76,70,66,70,0
Francis Coquelin,CM,80,76,72,76,77,77,77,78,77,80,77,73,76,76,70,67,70,0
Leandro Paredes,CDM,80,75,72,75,76,76,76,77,76,80,76,72,74,74,69,65,69,0
Alex Berenguer,RM,80,80,75,80,79,79,79,79,79,76,79,65,71,71,66,57,66,0
Arthur Henrique Ramos Oliveira Melo,CM,80,77,70,77,76,76,76,79,79,80,79,71,73,73,70,61,70,0
Renan Augusto Lodi dos Santos,LB,80,78,73,78,76,76,76,77,78,77,78,70,77,77,73,65,73,0
Morales,LM,80,80,79,80,80,80,80,79,79,74,79,61,70,70,62,53,62,0
Deulofeu,CF,80,81,76,81,80,80,80,80,80,72,80,52,61,61,52,39,52,0
Bryan Cristante,CDM,80,73,73,73,75,75,75,76,74,79,74,72,73,73,68,65,68,0
Edson Alvarez,CDM,80,66,66,66,66,66,66,66,69,71,69,71,76,76,71,69,71,0
Alex Sandro,LB,80,74,71,74,73,73,73,73,75,74,75,69,78,78,71,67,71,0
Morata,ST,80,78,80,78,79,79,79,78,78,70,78,51,70,70,50,44,50,0
Danilo Pereira,CDM,80,67,69,67,70,70,70,71,69,75,69,71,74,74,67,68,67,0
Nikola Milenkovic,CB,80,58,56,58,57,57,57,59,61,65,61,68,74,74,68,68,68,0
Leon Bailey,RM,80,81,78,81,81,81,81,80,79,70,79,49,66,66,50,39,50,0
Charles Aranguiz,CDM,80,72,68,72,72,72,72,75,73,78,73,72,68,68,67,62,67,0
Amir Rrahmani,CB,80,58,59,58,60,60,60,60,60,65,60,74,71,71,73,80,73,0
Davide Calabria,RB,80,69,64,69,67,67,67,68,71,71,71,77,74,74,79,77,79,0
Hans Vanaken,CM,80,75,77,75,77,77,77,78,76,80,76,66,69,69,61,56,61,0
Daichi Kamada,CAM,80,79,71,79,77,77,77,80,79,76,79,63,66,66,61,53,61,0
William Carvalho,CDM,80,68,66,68,70,70,70,72,70,77,70,71,71,71,64,65,64,0
Aaron Wan-Bissaka,RB,80,69,62,69,68,68,68,68,71,69,71,68,72,72,72,65,72,0
Joselu,ST,80,75,80,75,78,78,78,76,73,69,73,53,69,69,49,49,49,0
Ante Rebic,LW,80,80,81,80,81,81,81,79,80,74,80,64,72,72,63,60,63,0
Mario Hermoso,CB,80,68,63,68,67,67,67,69,71,73,71,79,78,78,78,80,78,0
Steven Bergwijn,LW,80,80,78,80,80,80,80,80,79,73,79,55,69,69,55,46,55,0
Emiliano Buendia,RM,80,79,75,79,79,79,79,80,79,79,79,67,74,74,65,60,65,0
Marten de Roon,CDM,80,70,70,70,71,71,71,71,71,75,71,72,76,76,71,69,71,0
Andy Delort,ST,80,76,80,76,78,78,78,76,76,70,76,54,71,71,53,49,53,0
Daley Blind,CB,80,71,68,71,72,72,72,75,73,80,73,74,75,75,70,67,70,0
Jeremie Frimpong,RB,80,78,66,78,74,74,74,76,79,73,79,73,74,74,78,71,78,0
Jonathan Clauss,RWB,80,77,72,77,76,76,76,76,78,75,78,73,73,73,76,69,76,0
Harvey Barnes,LM,80,80,76,80,80,80,80,79,79,74,79,58,67,67,59,47,59,0
Sergi Roberto,RB,80,75,69,75,74,74,74,76,77,78,77,71,72,72,71,63,71,0
Alexander Isak,ST,80,79,80,79,81,81,81,79,77,70,77,50,67,67,50,43,50,0
Gianluca Scamacca,ST,80,73,79,73,77,77,77,75,72,69,72,52,67,67,47,46,47,0
Youssef En-Nesyri,ST,80,73,80,73,76,76,76,72,71,66,71,54,68,68,53,52,53,0
Alessio Romagnoli,CB,80,56,54,56,58,58,58,59,59,65,59,69,71,71,66,68,66,0
Max Kruse,CF,80,78,77,78,80,80,80,81,77,76,77,57,66,66,50,46,50,0
Sven Botman,CB,80,55,54,55,57,57,57,59,59,66,59,69,72,72,66,69,66,0
Jose Fonte,CB,80,55,56,55,58,58,58,60,59,68,59,69,69,69,63,68,63,0
Renato Sanches,CM,80,79,76,79,79,79,79,80,80,80,80,72,77,77,70,65,70,0
Maximilian Arnold,CDM,80,76,76,76,77,77,77,78,76,80,76,79,71,71,75,75,75,0
Teun Koopmeiners,CM,80,75,73,75,76,76,76,77,77,80,77,72,77,77,71,66,71,0
Jonathan Viera,CAM,80,79,75,79,79,79,79,80,79,79,79,67,71,71,65,57,65,0
Luis Sinisterra,LW,80,80,77,80,80,80,80,80,80,74,80,59,72,72,61,51,61,0
Remo Freuler,CM,80,75,71,75,76,76,76,78,76,80,76,72,68,68,69,61,69,0
Xaver Schlager,CDM,80,73,70,73,74,74,74,76,74,78,74,72,68,68,67,63,67,0
Mahmoud Dahoud,CM,80,77,70,77,77,77,77,79,78,80,78,70,68,68,66,57,66,0
Nicolas Gonzalez,RW,80,80,77,80,79,79,79,78,80,72,80,57,72,72,60,50,60,0
Rick Karsdorp,RWB,80,75,71,75,74,74,74,75,77,76,77,70,77,77,72,65,72,0
Cristiano Biraghi,LB,80,75,72,75,75,75,75,75,77,77,77,77,76,76,78,76,78,0
Joan Jordan,CM,80,74,71,74,76,76,76,78,76,80,76,71,67,67,65,60,65,0
Thorgan Hazard,LM,80,80,74,80,78,78,78,80,79,76,79,62,67,67,62,50,62,0
Antonio Candreva,RM,80,79,75,79,79,79,79,80,79,79,79,72,65,65,69,62,69,0
Florian Neuhaus,CM,80,76,71,76,76,76,76,79,77,80,77,75,68,68,71,67,71,0
Alex Moreno,LB,80,77,72,77,75,75,75,75,77,75,77,68,73,73,72,62,72,0
Hans Hateboer,RWB,80,75,73,75,75,75,75,74,76,74,76,69,77,77,71,66,71,0
Dominic Calvert-Lewin,ST,80,75,79,75,77,77,77,73,74,66,74,52,72,72,53,50,53,0
Danilo,RB,80,72,72,72,72,72,72,72,73,74,73,78,77,77,78,80,78,0
Luke Shaw,LB,80,74,68,74,73,73,73,74,76,76,76,78,79,79,78,79,78,0
Mauro Arambarri,CDM,80,69,66,69,70,70,70,72,70,76,70,72,69,69,68,65,68,0
Sergio Reguilon Rodriguez,LWB,80,75,69,75,74,74,74,75,76,75,76,69,75,75,72,65,72,0
Nelson Semedo,RWB,80,74,67,74,73,73,73,73,75,73,75,69,75,75,71,64,71,0
Jarrod Bowen,RM,80,79,76,79,79,79,79,78,79,73,79,60,68,68,61,53,61,0
Moussa Dembele,ST,80,73,79,73,77,77,77,74,72,66,72,48,66,66,46,44,46,0
Matteo Darmian,RWB,80,71,68,71,71,71,71,71,73,73,73,70,74,74,71,65,71,0
Djibril Sow,CM,80,76,73,76,76,76,76,78,78,80,78,73,74,74,71,66,71,0
Saul,CM,80,76,77,76,78,78,78,78,77,79,77,72,77,77,70,67,70,0
Fred,CM,80,77,71,77,76,76,76,78,78,80,78,80,74,74,78,74,78,0
Lucas Moura,RW,80,80,78,80,79,79,79,78,78,72,78,62,72,72,63,58,63,0
Marek Hamsik,CM,80,78,77,78,79,79,79,80,78,80,78,69,75,75,67,61,67,0
Alex Telles,LB,80,77,74,77,77,77,77,77,78,79,78,71,76,76,72,64,72,0
Joaquin Correa,CF,80,81,78,81,80,80,80,80,80,75,80,56,69,69,55,46,55,0
Victor Lindelof,CB,80,65,61,65,66,66,66,68,68,74,68,72,74,74,69,68,69,0
Nayef Aguerd,CB,80,62,61,62,64,64,64,65,65,70,65,77,75,75,75,80,75,0
Lovro Majer,CM,80,79,73,79,78,78,78,80,79,79,79,66,69,69,65,56,65,0
Sardar Azmoun,ST,80,77,80,77,79,79,79,77,76,71,76,55,72,72,54,49,54,0
Nuno Mendes,LB,80,75,69,75,73,73,73,74,76,74,76,75,76,76,78,74,78,0
Yeray,CB,80,59,59,59,60,60,60,61,61,67,61,70,73,73,68,69,68,0
Hamari Traore,RB,80,73,67,73,72,72,72,72,75,74,75,76,78,78,78,75,78,0
Kevin Kampl,CM,80,77,67,77,75,75,75,79,78,79,78,68,65,65,65,53,65,0
Viktor Tsygankov,RM,80,80,73,80,78,78,78,79,79,74,79,62,63,63,62,52,62,0
Christian Gunter,LB,80,71,66,71,69,69,69,68,73,70,73,75,74,74,77,75,77,0
Kurt Zouma,CB,80,57,60,57,59,59,59,59,59,64,59,67,73,73,65,69,65,0
Javi Galan,LB,80,74,68,74,72,72,72,73,76,74,76,76,77,77,78,75,78,0
Jurrien Timber,CB,80,69,63,69,69,69,69,70,72,73,72,79,77,77,78,80,78,0
Adrien Rabiot,CM,80,77,76,77,78,78,78,78,78,80,78,73,76,76,72,66,72,0
Ridle Baku,RM,80,78,74,78,77,77,77,77,79,76,79,68,73,73,70,61,70,0
Lukas Klostermann,CB,80,69,66,69,68,68,68,67,72,69,72,76,78,78,81,80,81,0
Marcel Sabitzer,CM,80,78,77,78,79,79,79,80,78,79,78,68,72,72,66,60,66,0
Matteo Guendouzi,CM,80,74,70,74,75,75,75,77,76,80,76,81,74,74,78,78,78,0
Hector Herrera,CM,80,75,74,75,76,76,76,77,76,79,76,72,73,73,68,65,68,0
Scott McTominay,CDM,80,73,74,73,75,75,75,75,74,78,74,73,75,75,69,68,69,0
Allan,CDM,80,75,72,75,75,75,75,76,76,77,76,72,72,72,71,65,71,0
Eric Dier,CB,80,63,66,63,66,66,66,66,65,71,65,70,74,74,67,69,67,0
William Saliba,CB,80,64,57,64,63,63,63,65,68,70,68,78,74,74,77,80,77,0
Etienne Capoue,CM,80,73,74,73,76,76,76,76,75,80,75,73,74,74,69,67,69,0
Raul Garcia,ST,80,75,79,75,78,78,78,79,76,81,76,73,76,76,66,70,66,0
Anthony Martial,ST,80,80,79,80,80,80,80,79,78,71,78,56,70,70,56,50,56,0
Boubacar Kamara,CDM,80,67,62,67,67,67,67,69,70,74,70,72,74,74,71,68,71,0
Vladimir Coufal,RB,80,71,67,71,70,70,70,71,73,74,73,70,77,77,71,67,71,0
Carles Gil,CAM,80,78,70,78,77,77,77,80,79,77,79,59,64,64,57,43,57,0
Emile Smith Rowe,LM,80,79,71,79,78,78,78,79,79,73,79,53,59,59,52,39,52,0
Bernd Leno,GK,80,0,0,0,0,0,0,0,0,0,0,0,0,0,0,0,0,80
Dominik Livakovic,GK,80,0,0,0,0,0,0,0,0,0,0,0,0,0,0,0,0,80
Kepa,GK,80,0,0,0,0,0,0,0,0,0,0,0,0,0,0,0,0,80
Marko Dmitrovic,GK,80,0,0,0,0,0,0,0,0,0,0,0,0,0,0,0,0,80
Rui Silva,GK,80,0,0,0,0,0,0,0,0,0,0,0,0,0,0,0,0,80
Jasper Cillessen,GK,80,0,0,0,0,0,0,0,0,0,0,0,0,0,0,0,0,80
Ugurcan Cakir,GK,80,0,0,0,0,0,0,0,0,0,0,0,0,0,0,0,0,80
Walter Benitez,GK,80,0,0,0,0,0,0,0,0,0,0,0,0,0,0,0,0,80
Alessio Cragno,GK,80,0,0,0,0,0,0,0,0,0,0,0,0,0,0,0,0,80
Andrea Consigli,GK,80,0,0,0,0,0,0,0,0,0,0,0,0,0,0,0,0,80
Stefan Ortega,GK,80,0,0,0,0,0,0,0,0,0,0,0,0,0,0,0,0,80
Simon Mignolet,GK,80,0,0,0,0,0,0,0,0,0,0,0,0,0,0,0,0,80
Jermenias Conan Ledesma,GK,80,0,0,0,0,0,0,0,0,0,0,0,0,0,0,0,0,80
David Ospina,GK,80,0,0,0,0,0,0,0,0,0,0,0,0,0,0,0,0,80
Mark Flekken,GK,80,0,0,0,0,0,0,0,0,0,0,0,0,0,0,0,0,80
Alban Lafont,GK,80,0,0,0,0,0,0,0,0,0,0,0,0,0,0,0,0,80
Edgar Badia,GK,80,0,0,0,0,0,0,0,0,0,0,0,0,0,0,0,0,80
Jordan Veretout,CDM,79,76,74,76,76,76,76,77,76,78,76,71,74,74,70,65,70,0
Matheus Nunes,CM,79,78,74,78,79,79,79,79,78,79,78,71,71,71,70,63,70,0
Adama Traore,RW,79,79,71,79,76,76,76,75,78,68,78,59,70,70,60,54,60,0
Conor Gallagher,CM,79,77,74,77,78,78,78,78,78,79,78,70,69,69,68,60,68,0
Nicolae Stanciu,CM,79,78,75,78,78,78,78,79,79,79,79,66,71,71,65,57,65,0
Amine Gouiri,ST,79,79,79,79,80,80,80,79,78,74,78,61,69,69,60,55,60,0
Pablo Fornals,CAM,79,77,72,77,76,76,76,78,77,79,77,69,69,69,68,59,68,0
Gavi,CM,79,78,68,78,76,76,76,79,78,79,78,74,69,69,71,66,71,0
Alessandro Florenzi,RB,79,78,75,78,77,77,77,79,77,78,77,69,73,73,70,61,70,0
Gonzalo Montiel,RB,79,73,68,73,72,72,72,72,75,73,75,69,75,75,71,65,71,0
Lucas Verissimo,CB,79,57,54,57,58,58,58,60,60,65,60,69,72,72,67,68,67,0
David Neres,RW,79,79,73,79,78,78,78,79,78,72,78,54,63,63,53,42,53,0
Marcelo,CB,79,57,52,57,58,58,58,61,62,68,62,70,71,71,66,67,66,0
Davide Zappacosta,LWB,79,73,70,73,72,72,72,72,74,73,74,68,74,74,71,64,71,0
Lucas Zelarayan,CAM,79,78,74,78,78,78,78,79,77,75,77,58,68,68,56,47,56,0
Beto,ST,79,73,79,73,76,76,76,73,72,65,72,49,63,63,47,43,47,0
Boulaye Dia,ST,79,75,78,75,77,77,77,74,73,66,73,48,65,65,47,42,47,0
Cengiz Under,RW,79,79,75,79,78,78,78,77,77,71,77,51,63,63,53,40,53,0
Nordi Mukiele,RWB,79,67,62,67,66,66,66,67,70,70,70,70,77,77,71,68,71,0
Granit Xhaka,CDM,79,67,65,67,69,69,69,71,70,76,70,70,66,66,64,61,64,0
Pedro,LW,79,79,72,79,79,79,79,81,78,75,78,55,60,60,52,39,52,0
Suso,RW,79,79,73,79,79,79,79,80,79,74,79,50,60,60,49,35,49,0
Benjamin Pavard,RB,79,67,66,67,67,67,67,68,70,72,70,78,78,78,77,80,77,0
Nemanja Matic,CDM,79,66,67,66,69,69,69,70,68,75,68,70,70,70,63,65,63,0
Ibanez,CB,79,53,51,53,53,53,53,52,55,57,55,65,69,69,69,68,69,0
Daniel Wass,CM,79,77,76,77,77,77,77,78,78,79,78,71,75,75,71,64,71,0
John McGinn,CM,79,75,73,75,75,75,75,76,76,79,76,71,73,73,68,64,68,0
Ben Davies,CB,79,69,66,69,69,69,69,70,71,73,71,71,75,75,71,67,71,0
Mattia Zaccagni,LW,79,79,75,79,79,79,79,79,79,76,79,68,68,68,67,61,67,0
Orkun Kokcu,CM,79,77,70,77,76,76,76,79,78,79,78,70,69,69,66,59,66,0
Ezequiel Avila,ST,79,75,79,75,77,77,77,75,74,70,74,57,70,70,56,53,56,0
Luis Milla,CDM,79,73,69,73,73,73,73,75,75,77,75,71,71,71,70,63,70,0
Youssouf Fofana,CDM,79,73,69,73,74,74,74,75,74,77,74,78,70,70,75,75,75,0
Renato Tapia,CDM,79,68,69,68,69,69,69,70,70,73,70,71,75,75,70,68,70,0
Alexandr Golovin,LM,79,78,72,78,77,77,77,79,78,78,78,68,69,69,67,58,67,0
Sergio Oliveira,CM,79,76,75,76,77,77,77,78,76,79,76,69,70,70,66,60,66,0
Ezri Konsa,CB,79,63,58,63,63,63,63,64,66,68,66,69,74,74,69,67,69,0
Danny Ings,ST,79,77,80,77,78,78,78,77,75,72,75,57,69,69,56,51,56,0
Clinton Mata,RB,79,70,68,70,70,70,70,70,72,72,72,69,75,75,71,66,71,0
Jonathan David,ST,79,78,78,78,78,78,78,77,77,72,77,55,69,69,55,48,55,0
Denis Suarez,CM,79,78,72,78,78,78,78,80,78,79,78,65,67,67,63,53,63,0
Munir El Haddadi,LW,79,79,78,79,79,79,79,79,78,71,78,52,67,67,52,43,52,0
Goncalo Inacio,CB,79,57,55,57,60,60,60,63,62,69,62,70,70,70,68,67,68,0
Kim Min Jae,CB,79,57,53,57,58,58,58,60,61,65,61,68,72,72,67,68,67,0
Ali Musrati,CDM,79,67,65,67,68,68,68,70,69,75,69,71,71,71,67,66,67,0
Nicolas Pepe,RM,79,80,76,80,79,79,79,78,78,71,78,56,67,67,57,48,57,0
Wout Weghorst,ST,79,69,78,69,74,74,74,72,68,69,68,63,70,70,58,64,58,0
Manu Trigueros,CM,79,73,72,73,74,74,74,76,73,78,73,69,71,71,66,62,66,0
Reinildo,LB,79,71,66,71,69,69,69,69,72,69,72,74,77,77,77,77,77,0
Luka Jovic,ST,79,76,79,76,77,77,77,75,75,69,75,50,67,67,49,44,49,0
Luiz Felipe,CB,79,58,50,58,56,56,56,60,61,64,61,67,73,73,67,67,67,0
David Garcia,CB,79,60,56,60,60,60,60,61,64,68,64,69,76,76,69,69,69,0
Giacomo Raspadori,CF,79,77,78,77,79,79,79,78,76,70,76,51,62,62,50,43,50,0
Pervis Estupinan,LB,79,68,60,68,64,64,64,66,70,68,70,67,76,76,71,66,71,0
Yeremy Pino,RM,79,78,72,78,77,77,77,78,78,73,78,54,60,60,55,41,55,0
Takehiro Tomiyasu,RB,79,64,56,64,63,63,63,65,68,70,68,70,74,74,70,67,70,0
Jonny Evans,CB,79,52,49,52,52,52,52,55,56,63,56,67,71,71,65,67,65,0
Salih Ozcan,CDM,79,73,69,73,73,73,73,74,74,75,74,71,74,74,70,66,70,0
Donyell Malen,ST,79,80,80,80,81,81,81,79,79,72,79,57,70,70,58,51,58,0
Ander Herrera Aguera,CM,79,74,72,74,75,75,75,77,75,79,75,73,71,71,70,65,70,0
Federico Bernardeschi,RM,79,78,71,78,76,76,76,78,78,76,78,63,69,69,64,54,64,0
Manuel Lazzari,RB,79,79,69,79,76,76,76,77,80,77,80,68,69,69,71,58,71,0
Ludovic Blas,CAM,79,78,74,78,78,78,78,79,77,77,77,65,70,70,64,56,64,0
Nemanja Gudelj,CDM,79,69,68,69,70,70,70,72,70,76,70,71,73,73,67,65,67,0
Adam Marusic,LB,79,72,72,72,72,72,72,70,73,70,73,66,77,77,71,65,71,0
Maxence Caqueret,CDM,79,73,65,73,73,73,73,76,75,78,75,78,66,66,75,72,75,0
Davinson Sanchez,CB,79,59,59,59,60,60,60,60,61,64,61,68,72,72,67,69,67,0
Ludovic Ajorque,ST,79,72,79,72,76,76,76,73,71,67,71,54,68,68,53,52,53,0
Conor Coady,CB,79,63,62,63,65,65,65,67,66,75,66,71,73,73,67,66,67,0
Nicolas Lodeiro,CAM,79,78,72,78,77,77,77,79,78,77,78,62,65,65,58,49,58,0
Tyrell Malacia,LB,79,71,65,71,69,69,69,70,72,70,72,68,75,75,72,65,72,0
Paul Ebere Onuachu,ST,79,70,78,70,75,75,75,73,71,70,71,58,66,66,53,54,53,0
Dominik Szoboszlai,CAM,79,79,76,79,78,78,78,79,78,74,78,57,67,67,56,47,56,0
Jerome Boateng,CB,79,60,59,60,62,62,62,65,63,71,63,70,73,73,64,68,64,0
Wesley Fofana,CB,79,57,54,57,57,57,57,58,59,63,59,67,71,71,67,68,67,0
Anthony Modeste,ST,79,72,79,72,74,74,74,71,70,64,70,49,69,69,47,47,47,0
Jonny,LWB,79,71,65,71,70,70,70,70,73,72,73,68,74,74,71,65,71,0
Joaquin,RM,79,79,76,79,79,79,79,80,78,75,78,61,66,66,57,53,57,0
Juan Foyth,RB,79,66,60,66,65,65,65,67,69,70,69,77,75,75,77,78,77,0
Manuel Lanzini,CAM,79,77,71,77,77,77,77,79,77,75,77,58,67,67,57,47,57,0
Yaroslav Rakitskyi,CB,79,69,68,69,69,69,69,71,70,75,70,79,74,74,76,79,76,0
Michail Antonio,ST,79,77,79,77,78,78,78,77,77,73,77,62,78,78,62,59,62,0
Abdoulaye Doucoure,CM,79,76,76,76,77,77,77,77,77,79,77,73,75,75,71,67,71,0
Ryan Gravenberch,CM,79,79,75,79,79,79,79,80,79,79,79,74,73,73,72,69,72,0
Matheus Reis,CB,79,69,64,69,67,67,67,67,70,69,70,68,76,76,71,67,71,0
Felipe Anderson,RW,79,79,74,79,78,78,78,79,79,76,79,64,64,64,63,52,63,0
Julian Draxler,LW,79,79,76,79,79,79,79,80,79,78,79,65,72,72,62,56,62,0
Donny van de Beek,CM,79,76,76,76,77,77,77,78,76,78,76,76,73,73,73,73,73,0
Rodrigo Bentancur,CM,79,74,68,74,73,73,73,76,76,79,76,73,75,75,71,65,71,0
Ellyes Skhiri,CDM,79,72,72,72,73,73,73,73,73,75,73,78,73,73,77,77,77,0
Benjamin Andre,CDM,79,71,70,71,71,71,71,72,73,76,73,72,77,77,70,68,70,0
Tanguy Ndombele,CM,79,78,72,78,78,78,78,80,77,79,77,69,71,71,65,61,65,0
Houssem Aouar,CAM,79,77,72,77,77,77,77,79,77,78,77,67,70,70,64,57,64,0
Joao Mario,CM,79,77,71,77,76,76,76,79,78,79,78,74,71,71,71,67,71,0
Chancel Mbemba,CB,79,61,62,61,61,61,61,60,63,64,63,67,74,74,68,68,68,0
Julian Weigl,CM,79,72,69,72,73,73,73,76,74,79,74,74,71,71,69,66,69,0
Matty Cash,RB,79,74,69,74,73,73,73,72,75,73,75,69,73,73,71,63,71,0
Josip Brekalo,CF,79,80,74,80,79,79,79,79,79,73,79,55,65,65,55,42,55,0
Benjamin White,CB,79,61,52,61,61,61,61,65,66,71,66,72,74,74,69,68,69,0
Ansu Fati,LW,79,79,77,79,79,79,79,78,78,70,78,49,66,66,51,40,51,0
Fran Beltran,CDM,79,71,63,71,70,70,70,74,72,77,72,71,70,70,68,63,68,0
Michael Keane,CB,79,57,57,57,57,57,57,59,59,65,59,67,72,72,64,67,64,0
Rachid Ghezzal,RW,79,79,72,79,77,77,77,79,79,74,79,53,63,63,51,39,51,0
Berat Djimsiti,CB,79,55,55,55,56,56,56,57,59,64,59,68,70,70,68,68,68,0
Luuk de Jong,ST,79,70,77,70,74,74,74,72,70,70,70,56,71,71,53,53,53,0
Javier Hernandez,ST,79,75,79,75,77,77,77,74,73,67,73,50,67,67,50,44,50,0
Juanmi,LM,79,80,79,80,80,80,80,78,78,71,78,51,68,68,52,42,52,0
Eduardo Camavinga,CM,79,76,71,76,76,76,76,78,77,79,77,80,76,76,78,78,78,0
Oscar Trejo,CAM,79,77,75,77,77,77,77,79,77,79,77,70,73,73,68,62,68,0
Davy Klaassen,CAM,79,76,79,76,78,78,78,78,77,79,77,70,73,73,68,64,68,0
Joao Pedro,ST,79,79,79,79,81,81,81,80,80,77,80,60,72,72,58,51,58,0
Erik Lamela,RW,79,79,76,79,79,79,79,79,78,76,78,68,68,68,64,61,64,0
Samuel Umtiti,CB,79,64,66,64,65,65,65,65,64,69,64,68,74,74,66,67,66,0
Callum Wilson,ST,79,76,79,76,78,78,78,76,75,70,75,55,68,68,54,50,54,0
Rafa Mir,ST,79,74,79,74,76,76,76,72,73,67,73,54,70,70,55,51,55,0
Alexis Sanchez,CF,79,79,76,79,79,79,79,80,78,75,78,62,69,69,59,54,59,0
Ismaily,LB,79,77,72,77,77,77,77,77,78,76,78,76,74,74,77,73,77,0
Lars Stindl,CAM,79,77,77,77,78,78,78,79,77,79,77,66,71,71,62,58,62,0
Nemanja Maksimovic,CM,79,72,72,72,74,74,74,75,73,79,73,71,72,72,67,65,67,0
Karim Bellarabi,RM,79,79,75,79,78,78,78,77,78,70,78,55,68,68,55,47,55,0
Vitinha,CM,79,77,68,77,76,76,76,79,78,79,78,74,66,66,72,65,72,0
Oleksandr Zinchenko,LB,79,76,71,76,75,75,75,77,77,78,77,71,75,75,70,64,70,0
Owen Wijndal,LB,79,74,66,74,73,73,73,75,77,76,77,70,73,73,71,63,71,0
Zubimendi,CM,79,72,68,72,73,73,73,75,73,79,73,72,73,73,70,65,70,0
Emanuel Reynoso,CAM,79,77,71,77,77,77,77,79,77,77,77,64,68,68,61,54,61,0
Samuel Chukwueze,RM,79,79,74,79,78,78,78,77,78,69,78,55,65,65,57,47,57,0
James Tarkowski,CB,79,57,57,57,58,58,58,60,61,66,61,75,73,73,72,79,72,0
Ruben Garcia,LM,79,78,73,78,77,77,77,78,78,74,78,57,66,66,56,46,56,0
Dakonam Djene,CB,79,57,55,57,57,57,57,58,61,64,61,68,73,73,68,67,68,0
Leandro Trossard,LM,79,79,76,79,78,78,78,78,78,71,78,50,66,66,50,40,50,0
Arkadiusz Milik,ST,79,73,78,73,75,75,75,73,71,68,71,53,65,65,50,47,50,0
Lewis Dunk,CB,79,55,57,55,59,59,59,61,57,68,57,69,69,69,63,68,63,0
Axel Witsel,CDM,79,68,67,68,69,69,69,73,70,77,70,71,74,74,65,66,65,0
Angelo Ogbonna,CB,79,54,53,54,56,56,56,57,56,62,56,65,71,71,62,68,62,0
Unai Nunez,CB,79,49,46,49,50,50,50,51,53,58,53,66,71,71,66,68,66,0
Sergio Asenjo,GK,79,0,0,0,0,0,0,0,0,0,0,0,0,0,0,0,0,79
Jonas Omlin,GK,79,0,0,0,0,0,0,0,0,0,0,0,0,0,0,0,0,79
Justin Bijlow,GK,79,0,0,0,0,0,0,0,0,0,0,0,0,0,0,0,0,79
Pau Lopez,GK,79,0,0,0,0,0,0,0,0,0,0,0,0,0,0,0,0,79
Mattia Perin,GK,79,0,0,0,0,0,0,0,0,0,0,0,0,0,0,0,0,79
Matheus,GK,79,0,0,0,0,0,0,0,0,0,0,0,0,0,0,0,0,79
Franco Armani,GK,79,0,0,0,0,0,0,0,0,0,0,0,0,0,0,0,0,79
Diogo Costa,GK,79,0,0,0,0,0,0,0,0,0,0,0,0,0,0,0,0,79
Gianluigi Buffon,GK,79,0,0,0,0,0,0,0,0,0,0,0,0,0,0,0,0,79
Guaita,GK,79,0,0,0,0,0,0,0,0,0,0,0,0,0,0,0,0,79
Marco Silvestri,GK,79,0,0,0,0,0,0,0,0,0,0,0,0,0,0,0,0,79
Steve Mandanda,GK,79,0,0,0,0,0,0,0,0,0,0,0,0,0,0,0,0,79
Luis Maximiano,GK,79,0,0,0,0,0,0,0,0,0,0,0,0,0,0,0,0,79
Agusin Rossi,GK,79,0,0,0,0,0,0,0,0,0,0,0,0,0,0,0,0,79
Manuel Riemann,GK,79,0,0,0,0,0,0,0,0,0,0,0,0,0,0,0,0,79
Matz Sels,GK,79,0,0,0,0,0,0,0,0,0,0,0,0,0,0,0,0,79
Diego Lopez,GK,79,0,0,0,0,0,0,0,0,0,0,0,0,0,0,0,0,79
Dean Henderson,GK,79,0,0,0,0,0,0,0,0,0,0,0,0,0,0,0,0,79
Agustin Marchesin,GK,79,0,0,0,0,0,0,0,0,0,0,0,0,0,0,0,0,79
Fernando Muslera,GK,79,0,0,0,0,0,0,0,0,0,0,0,0,0,0,0,0,79
Junya Ito,RW,78,78,72,78,76,76,76,77,78,74,78,68,70,70,70,62,70,0
Roberto Pereyra,CM,78,78,75,78,78,78,78,78,78,78,78,69,72,72,69,61,69,0
Valentin Rongier,CM,78,73,69,73,74,74,74,75,75,78,75,73,73,73,70,66,70,0
Marcus Thuram,ST,78,77,78,77,78,78,78,76,77,72,77,61,72,72,62,58,62,0
Eljif Elmas,CAM,78,77,73,77,77,77,77,78,77,77,77,74,68,68,71,68,71,0
Marcos Rojo,CB,78,63,63,63,63,63,63,64,64,67,64,67,73,73,66,67,66,0
Ollie Watkins,ST,78,76,77,76,76,76,76,75,75,70,75,56,73,73,58,52,58,0
Andre Carrillo,RW,78,78,76,78,77,77,77,77,77,71,77,55,70,70,55,47,55,0
Romain Faivre,RM,78,77,73,77,76,76,76,77,77,75,77,64,70,70,65,56,65,0
Joey Veerman,CM,78,75,68,75,74,74,74,77,76,78,76,68,69,69,66,58,66,0
Douglas Luiz,CDM,78,73,69,73,73,73,73,75,74,77,74,77,71,71,73,73,73,0
Wataru Endo,CM,78,72,69,72,73,73,73,75,73,78,73,78,74,74,75,76,75,0
Maxime Lopez,CM,78,77,70,77,75,75,75,78,77,78,77,67,69,69,67,57,67,0
Stefano Sensi,CM,78,76,65,76,74,74,74,79,77,78,77,68,70,70,67,58,67,0
Caglar Soyuncu,CB,78,60,58,60,60,60,60,62,62,65,62,68,72,72,66,68,66,0
Miguel Almiron,RM,78,77,72,77,76,76,76,76,77,72,77,60,64,64,61,50,61,0
Jesper Karlsson,LW,78,78,74,78,77,77,77,77,77,71,77,54,65,65,55,42,55,0
Ruben Pena,RB,78,75,74,75,75,75,75,74,75,73,75,67,75,75,70,63,70,0
Enes Unal,ST,78,73,78,73,75,75,75,73,71,66,71,56,69,69,54,55,54,0
Grzegorz Krychowiak,CDM,78,68,72,68,71,71,71,71,69,75,69,70,71,71,65,65,65,0
Emerson Royal,RWB,78,72,68,72,71,71,71,71,73,72,73,74,75,75,75,76,75,0
Pedro Neto,LW,78,78,74,78,77,77,77,77,76,69,76,50,60,60,50,39,50,0
Sofiane Diop,LM,78,77,70,77,76,76,76,77,77,75,77,61,61,61,60,48,60,0
Ben Mee,CB,78,56,55,56,56,56,56,57,59,62,59,65,72,72,65,67,65,0
Oliver Torres,CM,78,75,68,75,75,75,75,77,76,78,76,65,63,63,62,52,62,0
Oriol Romeu Vidal,CDM,78,54,54,54,57,57,57,60,58,68,58,70,66,66,63,67,63,0
Guillermo Maripán,CB,78,50,53,50,54,54,54,55,54,64,54,67,66,66,60,67,60,0
Marcel Halstenberg,CB,78,69,69,69,69,69,69,69,70,71,70,74,77,77,75,76,75,0
Mats Rits,CDM,78,74,73,74,75,75,75,75,75,77,75,70,71,71,69,62,69,0
Portu,RM,78,76,76,76,76,76,76,75,76,72,76,61,72,72,63,56,63,0
Gernot Trauner,CB,78,64,64,64,65,65,65,66,66,70,66,69,75,75,68,68,68,0
Rafael Santos Borre,ST,78,78,78,78,78,78,78,78,77,74,77,63,69,69,60,57,60,0
Fernando,CDM,78,70,66,70,69,69,69,72,71,75,71,71,73,73,69,64,69,0
Giacomo Bonaventura,CM,78,77,75,77,77,77,77,78,77,78,77,68,73,73,67,60,67,0
Andrei Girotto,CB,78,67,68,67,68,68,68,67,67,71,67,69,73,73,68,67,68,0
Enzo Perez,CDM,78,72,69,72,73,73,73,75,73,76,73,71,73,73,69,66,69,0
Puado,LM,78,77,77,77,77,77,77,76,77,72,77,59,73,73,60,53,60,0
Konstantinos Mavropanos,CB,78,58,62,58,59,59,59,57,59,60,59,64,73,73,66,69,66,0
Alassane Plea,CF,78,78,78,78,78,78,78,79,78,75,78,58,70,70,56,49,56,0
Tyrone Mings,CB,78,63,59,63,62,62,62,63,66,68,66,68,75,75,68,67,68,0
James Milner,CM,78,73,71,73,73,73,73,75,74,78,74,79,73,73,76,76,76,0
Marcos Senesi,CB,78,63,56,63,61,61,61,66,66,71,66,70,74,74,67,66,67,0
Giovanni Simeone,ST,78,74,78,74,76,76,76,73,72,67,72,53,69,69,52,48,52,0
Taras Stepanenko,CDM,78,67,67,67,68,68,68,69,69,73,69,70,72,72,68,65,68,0
Raul Ruidiaz,ST,78,77,79,77,78,78,78,75,75,67,75,50,66,66,51,43,51,0
Nahuel Molina,RWB,78,75,71,75,74,74,74,74,75,73,75,73,73,73,75,71,75,0
Marc Guehi,CB,78,59,56,59,59,59,59,61,62,66,62,75,70,70,73,78,73,0
Timothy Castagne,RB,78,73,68,73,72,72,72,73,75,74,75,68,74,74,70,63,70,0
Maximiliano Gomez,ST,78,72,78,72,75,75,75,73,72,68,72,51,67,67,47,45,47,0
Melendo,CAM,78,77,68,77,75,75,75,78,77,74,77,59,64,64,57,47,57,0
Francesco Caputo,ST,78,75,79,75,77,77,77,75,73,66,73,46,64,64,45,39,45,0
Odriozola,RB,78,72,65,72,70,70,70,70,74,71,74,66,74,74,71,62,71,0
Duje Caleta-Car,CB,78,56,56,56,60,60,60,61,60,68,60,69,69,69,64,67,64,0
Aaron Cresswell,LB,78,71,65,71,69,69,69,71,72,73,72,68,75,75,70,64,70,0
Willy Boly,CB,78,56,53,56,57,57,57,60,60,66,60,67,72,72,64,67,64,0
Daniel Podence,LW,78,78,69,78,77,77,77,78,78,71,78,52,60,60,51,37,51,0
Christoph Baumgartner,CAM,78,76,74,76,77,77,77,78,76,73,76,58,66,66,57,48,57,0
Frederic Guilbert,RWB,78,68,62,68,67,67,67,68,71,70,71,68,76,76,70,65,70,0
Philipp Lienhart,CB,78,55,49,55,54,54,54,57,58,62,58,65,70,70,66,67,66,0
Kyle Walker-Peters,RB,78,70,59,70,67,67,67,69,72,70,72,67,74,74,70,62,70,0
Craig Dawson,CB,78,56,57,56,56,56,56,56,58,62,58,65,72,72,65,67,65,0
Mesut Ozil,CAM,78,76,69,76,75,75,75,78,76,71,76,51,57,57,48,37,48,0
Julian Alvarez,ST,78,80,79,80,80,80,80,80,79,76,79,67,70,70,65,62,65,0
Zubeldia,CB,78,69,67,69,70,70,70,71,71,75,71,72,74,74,69,67,69,0
Enzo Fernandez,CM,78,75,74,75,76,76,76,77,76,78,76,77,74,74,74,74,74,0
Charles De Ketelaere,ST,78,78,77,78,79,79,79,79,79,77,79,69,73,73,69,65,69,0
Alexis Saelemaekers,RW,78,78,70,78,75,75,75,77,78,75,78,71,71,71,72,65,72,0
Tomas Holes,CDM,78,73,73,73,73,73,73,73,73,74,73,70,76,76,70,67,70,0
Nathan Ake,CB,78,67,63,67,66,66,66,68,68,71,68,69,76,76,70,67,70,0
Noa Lang,LW,78,78,74,78,78,78,78,78,78,74,78,61,67,67,60,51,60,0
Danilo D'Ambrosio,CB,78,67,66,67,66,66,66,66,68,68,68,67,76,76,68,67,68,0
Amadou Haidara,CM,78,76,71,76,76,76,76,77,77,78,77,68,70,70,66,59,66,0
Sidnei,CB,78,63,64,63,64,64,64,64,65,67,65,68,75,75,67,68,67,0
Junior Messias,RW,78,78,74,78,77,77,77,78,77,73,77,58,66,66,59,49,59,0
Patrick Bamford,ST,78,75,78,75,77,77,77,75,75,71,75,55,66,66,54,47,54,0
Marco Davide Faraoni,RWB,78,75,75,75,75,75,75,75,76,75,76,68,75,75,70,63,70,0
Lukas Nmecha,ST,78,76,78,76,77,77,77,75,75,69,75,55,68,68,53,48,53,0
Jean-Clair Todibo,CB,78,61,58,61,61,61,61,62,64,67,64,68,73,73,67,67,67,0
Mohamed Simakan,CB,78,59,55,59,59,59,59,60,63,66,63,68,72,72,68,68,68,0
Gianluca Caprari,CF,78,79,73,79,78,78,78,79,78,72,78,53,62,62,53,39,53,0
Gilberto,RB,78,71,66,71,70,70,70,70,73,71,73,68,73,73,70,64,70,0
Sasa Kalajdzic,ST,78,73,77,73,76,76,76,75,72,71,72,56,68,68,55,51,55,0
Caio Henrique,LB,78,75,66,75,73,73,73,75,76,76,76,74,72,72,76,71,76,0
Marcus Edwards,RW,78,78,71,78,76,76,76,77,76,69,76,50,57,57,51,36,51,0
Said Benrahma,LM,78,77,71,77,77,77,77,77,77,72,77,59,62,62,57,48,57,0
Evanilson,ST,78,73,77,73,77,77,77,75,72,68,72,48,63,63,45,40,45,0
Lucas Alario,ST,78,71,78,71,75,75,75,71,69,64,69,48,65,65,46,45,46,0
Jorge Molina,ST,78,68,78,68,75,75,75,72,66,68,66,57,60,60,47,54,47,0
Nicolas De la Cruz,CM,78,80,80,80,80,80,80,80,80,81,80,77,81,81,82,76,82,0
Maxwel Cornet,LM,78,77,76,77,77,77,77,75,77,73,77,65,74,74,68,61,68,0
Gerson,CM,78,75,71,75,75,75,75,76,76,78,76,72,74,74,71,66,71,0
Pierre Kalulu,CB,78,67,63,67,66,66,66,67,69,69,69,75,76,76,77,78,77,0
James Tavernier,RB,78,75,73,75,75,75,75,75,76,75,76,75,75,75,76,73,76,0
Fredrik Aursnes,CDM,78,74,68,74,73,73,73,75,75,77,75,70,74,74,70,63,70,0
Campana,CM,78,76,72,76,76,76,76,77,77,78,77,68,71,71,66,59,66,0
Moussa Niakhate,CB,78,63,58,63,61,61,61,63,66,66,66,67,75,75,69,68,69,0
Alexander Bah,RB,78,73,71,73,72,72,72,71,74,70,74,66,75,75,70,64,70,0
Thomas Meunier,RB,78,74,75,74,74,74,74,73,75,74,75,68,77,77,70,66,70,0
Alfonso Espino,LB,78,71,68,71,70,70,70,68,73,69,73,67,73,73,70,64,70,0
Joel Veltman,CB,78,65,61,65,63,63,63,64,67,69,67,69,74,74,69,66,69,0
Pablo Rosario,CDM,78,70,68,70,71,71,71,72,71,75,71,70,72,72,67,65,67,0
Nikola Vlasic,LM,78,78,76,78,78,78,78,78,77,73,77,57,67,67,55,48,55,0
Aissa Mandi,CB,78,66,61,66,65,65,65,68,68,71,68,69,75,75,68,67,68,0
Dennis Praet,CAM,78,76,73,76,76,76,76,78,77,78,77,66,69,69,64,57,64,0
Mario Gaspar,RB,78,71,71,71,71,71,71,70,72,72,72,68,75,75,70,66,70,0
Paulinho,ST,78,74,78,74,76,76,76,73,73,68,73,54,69,69,53,50,53,0
Lucas Perez,ST,78,78,78,78,79,79,79,78,77,72,77,53,66,66,51,43,51,0
Emiliano Rigoni,RM,78,78,74,78,77,77,77,76,77,71,77,55,68,68,58,47,58,0
Willian Jose,ST,78,73,78,73,77,77,77,75,71,68,71,53,68,68,50,50,50,0
Borna Sosa,LB,78,74,65,74,71,71,71,73,76,74,76,67,74,74,70,61,70,0
Randal Kolo Muani,ST,78,75,76,75,77,77,77,75,74,68,74,54,67,67,54,50,54,0
Jonas Hector,LB,78,71,66,71,70,70,70,72,73,75,73,70,75,75,70,65,70,0
Sebastian Driussi,CAM,78,76,76,76,77,77,77,78,76,71,76,51,65,65,49,40,49,0
Dante,CB,78,58,57,58,59,59,59,62,61,70,61,77,69,69,70,78,70,0
Alexey Miranchuk,CAM,78,77,72,77,76,76,76,78,76,72,76,54,64,64,52,42,52,0
Piero Hincapie,LB,78,65,58,65,64,64,64,65,68,68,68,68,75,75,70,66,70,0
Joseph Aidoo,CB,78,46,45,46,46,46,46,47,50,54,50,64,70,70,65,68,65,0
Brahim,CAM,78,77,68,77,76,76,76,78,76,72,76,55,58,58,51,40,51,0
Nuno Santos,LW,78,78,76,78,78,78,78,77,78,75,78,68,67,67,68,62,68,0
Exequiel Palacios,CDM,78,74,71,74,74,74,74,76,75,78,75,71,70,70,68,63,68,0
Pedraza,LB,78,75,74,75,75,75,75,74,76,73,76,67,74,74,70,63,70,0
Rafael Alcantara,CM,78,78,73,78,78,78,78,79,77,78,77,68,72,72,65,60,65,0
Hamed Junior Traore,LM,78,77,74,77,77,77,77,77,77,73,77,67,71,71,68,64,68,0
Jesse Lingard,CAM,78,77,76,77,78,78,78,78,76,73,76,60,68,68,60,53,60,0
Odion Ighalo,ST,78,73,78,73,75,75,75,72,72,68,72,55,70,70,55,52,55,0
Clement Lenglet,CB,78,62,58,62,63,63,63,66,65,70,65,69,73,73,67,66,67,0
Diogo Dalot,RB,78,74,69,74,73,73,73,74,75,74,75,75,77,77,76,75,76,0
Moise Kean,ST,78,73,78,73,76,76,76,72,71,64,71,50,67,67,51,47,51,0
Jonathan Ikone,RW,78,78,71,78,77,77,77,77,78,70,78,54,60,60,54,41,54,0
Romarinho,CF,78,78,77,78,78,78,78,77,78,70,78,51,66,66,52,40,52,0
Sebastian Rode,CDM,78,70,68,70,71,71,71,72,71,75,71,70,72,72,67,65,67,0
Gabriel Martinelli,LM,78,78,75,78,77,77,77,76,77,69,77,59,68,68,62,55,62,0
Federico Dimarco,LWB,78,74,70,74,72,72,72,73,75,74,75,68,73,73,70,62,70,0
Ramy Bensebaini,LB,78,72,70,72,71,71,71,70,73,72,73,69,78,78,70,67,70,0
Franco Cervi,LM,78,77,70,77,75,75,75,76,77,72,77,60,65,65,62,50,62,0
Pozuelo,CAM,78,76,72,76,76,76,76,78,77,77,77,62,66,66,58,50,58,0
Samuel Gigot,CB,78,59,55,59,58,58,58,60,63,66,63,68,75,75,68,67,68,0
Juan Bernat,LB,78,76,70,76,75,75,75,76,76,75,76,68,73,73,69,62,69,0
Luiz Araujo,RM,78,78,72,78,76,76,76,76,77,70,77,54,65,65,56,44,56,0
Pablo Maffeo,RB,78,72,64,72,70,70,70,71,73,70,73,66,73,73,70,63,70,0
Mario Rui,LB,78,71,62,71,68,68,68,71,73,73,73,68,73,73,70,61,70,0
Josef Martinez,ST,78,74,79,74,76,76,76,73,71,63,71,46,65,65,45,41,45,0
Karl Toko Ekambi,LM,78,77,78,77,78,78,78,76,77,68,77,48,66,66,49,39,49,0
Juan Fernando Quintero,CAM,78,77,72,77,77,77,77,78,76,72,76,53,60,60,49,40,49,0
Aleksandar Mitrovic,ST,78,69,78,69,74,74,74,72,67,65,67,51,63,63,44,49,44,0
Victor Ruiz,CB,78,55,54,55,56,56,56,58,59,66,59,68,70,70,65,67,65,0
Claudio Bravo,GK,78,0,0,0,0,0,0,0,0,0,0,0,0,0,0,0,0,78
Alexander Nubel,GK,78,0,0,0,0,0,0,0,0,0,0,0,0,0,0,0,0,78
Predrag Rajkovic,GK,78,0,0,0,0,0,0,0,0,0,0,0,0,0,0,0,0,78
Jiri Pavlenka,GK,78,0,0,0,0,0,0,0,0,0,0,0,0,0,0,0,0,78
Sergio Rochet,GK,78,0,0,0,0,0,0,0,0,0,0,0,0,0,0,0,0,78
Thomas Strakosha,GK,78,0,0,0,0,0,0,0,0,0,0,0,0,0,0,0,0,78
Gabriel Arias,GK,78,0,0,0,0,0,0,0,0,0,0,0,0,0,0,0,0,78
Altay Bayindir,GK,78,0,0,0,0,0,0,0,0,0,0,0,0,0,0,0,0,78
Emil Audero,GK,78,0,0,0,0,0,0,0,0,0,0,0,0,0,0,0,0,78
Sergio Romero,GK,78,0,0,0,0,0,0,0,0,0,0,0,0,0,0,0,0,78
Marwin Hitz,GK,78,0,0,0,0,0,0,0,0,0,0,0,0,0,0,0,0,78
Sergio Herrera,GK,78,0,0,0,0,0,0,0,0,0,0,0,0,0,0,0,0,78
Alex Meret,GK,78,0,0,0,0,0,0,0,0,0,0,0,0,0,0,0,0,78
Mathew Ryan,GK,78,0,0,0,0,0,0,0,0,0,0,0,0,0,0,0,0,78
Salvatore Sirigu,GK,78,0,0,0,0,0,0,0,0,0,0,0,0,0,0,0,0,78
Pierluigi Gollini,GK,78,0,0,0,0,0,0,0,0,0,0,0,0,0,0,0,0,78
Stole Dimitrievski,GK,78,0,0,0,0,0,0,0,0,0,0,0,0,0,0,0,0,78
Pacheco,GK,78,0,0,0,0,0,0,0,0,0,0,0,0,0,0,0,0,78
Guglielmo Vicario,GK,78,0,0,0,0,0,0,0,0,0,0,0,0,0,0,0,0,78
Lars Unnerstall,GK,78,0,0,0,0,0,0,0,0,0,0,0,0,0,0,0,0,78
David Hancko,CB,77,69,68,69,69,69,69,69,71,71,71,68,74,74,70,66,70,0
Gedson Fernandes,CM,77,77,74,77,77,77,77,77,77,77,77,69,73,73,69,62,69,0
Callum McGregor,CDM,77,76,71,76,75,75,75,77,76,77,76,69,70,70,68,60,68,0
Jordan Teze,CB,77,65,60,65,64,64,64,65,67,68,67,67,74,74,69,66,69,0
Marius Wolf,RM,77,75,73,75,75,75,75,74,76,73,76,65,71,71,67,60,67,0
Rade Krunić,CM,77,75,73,75,76,76,76,77,75,77,75,68,73,73,66,62,66,0
Marko Livaja,CF,77,76,77,76,77,77,77,76,75,69,75,54,69,69,51,49,51,0
Matias Vecino,CM,77,73,73,73,75,75,75,75,74,77,74,76,74,74,73,75,73,0
Romain Saiss,CB,77,63,63,63,65,65,65,67,66,72,66,70,72,72,66,67,66,0
Lucas Boye,ST,77,74,77,74,75,75,75,73,72,69,72,57,69,69,55,54,55,0
Gaetano Castrovilli,CM,77,77,69,77,75,75,75,77,77,77,77,67,70,70,67,58,67,0
Rasmus Kristensen,RB,77,72,71,72,71,71,71,71,73,72,73,67,75,75,69,64,69,0
Callum Hudson-Odoi,LW,77,77,70,77,75,75,75,76,77,71,77,57,67,67,58,48,58,0
Sasa Lukic,CM,77,73,69,73,73,73,73,75,74,77,74,68,70,70,65,60,65,0
Jeremie Boga,LW,77,77,73,77,76,76,76,75,76,69,76,54,66,66,55,46,55,0
Maxence Lacroix,CB,77,58,53,58,58,58,58,60,61,63,61,66,72,72,67,66,67,0
Jan Kuchta,ST,77,74,77,74,75,75,75,73,73,67,73,54,68,68,52,49,52,0
Philipp Max,LB,77,74,69,74,73,73,73,73,75,74,75,68,74,74,69,61,69,0
Sergino Dest,RB,77,77,68,77,75,75,75,76,77,75,77,67,71,71,69,59,69,0
De Marcos,RB,77,72,69,72,72,72,72,72,74,73,74,68,73,73,69,63,69,0
Gonzalo Plata,RM,77,78,72,78,76,76,76,77,76,70,76,59,65,65,59,52,59,0
Damien Suarez,RB,77,70,69,70,70,70,70,69,71,71,71,68,74,74,69,65,69,0
Jordan Ferri,CDM,77,70,66,70,71,71,71,73,72,76,72,70,68,68,65,61,65,0
Konstantinos Tsimikas,LB,77,72,65,72,70,70,70,71,73,72,73,67,73,73,69,62,69,0
Fidel,LM,77,75,70,75,75,75,75,76,76,73,76,61,68,68,61,52,61,0
Deniz Undav,ST,77,75,77,75,76,76,76,75,74,69,74,52,65,65,49,45,49,0
Stefan Lainer,RB,77,68,67,68,68,68,68,68,70,70,70,67,71,71,68,63,68,0
Pascal Grog,CM,77,74,70,74,74,74,74,76,75,77,75,65,69,69,61,55,61,0
Galeno,LM,77,77,73,77,77,77,77,75,76,68,76,54,63,63,56,46,56,0
Sofiane Boufal,CF,77,78,71,78,77,77,77,78,77,72,77,53,60,60,51,40,51,0
Bruno Viana,CB,77,54,54,54,54,54,54,55,57,61,57,65,70,70,65,65,65,0
Michy Batshuayi,ST,77,73,77,73,74,74,74,71,70,61,70,46,66,66,48,43,48,0
Ruben Aguilar,RB,77,70,64,70,69,69,69,70,73,73,73,68,73,73,69,62,69,0
Dyego Sousa,ST,77,71,77,71,74,74,74,71,70,65,70,50,66,66,47,46,47,0
Oliver Skipp,CDM,77,64,57,64,64,64,64,67,67,72,67,69,66,66,66,62,66,0
Jean-David Beauguel,ST,77,68,76,68,73,73,73,69,66,63,66,50,61,61,46,47,46,0
Gorosabel,RB,77,69,61,69,67,67,67,69,71,71,71,67,74,74,69,63,69,0
Yerry Mina,CB,77,54,59,54,58,58,58,58,56,64,56,65,68,68,59,67,59,0
Issa Diop,CB,77,51,52,51,53,53,53,53,54,59,54,64,68,68,63,66,63,0
German Pezzella,CB,77,52,56,52,54,54,54,53,53,57,53,69,68,68,67,77,67,0
Salem Al Dawsari,LW,77,77,74,77,76,76,76,75,76,71,76,65,65,65,64,59,64,0
Moussa Marega,ST,77,74,77,74,75,75,75,72,74,66,74,52,69,69,53,49,53,0
Milton Casco,LB,77,77,73,77,77,77,77,77,78,77,78,69,75,75,70,63,70,0
Matias Suarez,ST,77,79,78,79,79,79,79,79,77,74,77,58,70,70,56,51,56,0
Matteo Pessina,CAM,77,76,73,76,76,76,76,77,76,77,76,69,71,71,68,61,68,0
Fabian Schar,CB,77,65,67,65,67,67,67,68,66,71,66,75,72,72,72,77,72,0
Giulio Maggiore,CM,77,72,68,72,74,74,74,75,74,77,74,70,70,70,68,62,68,0
Andres Guardado,CDM,77,74,68,74,73,73,73,76,75,78,75,70,70,70,67,60,67,0
Sebastian Villa,LW,77,77,71,77,76,76,76,75,77,67,77,49,61,61,51,38,51,0
Valentin Castellanos,ST,77,74,76,74,76,76,76,75,74,70,74,55,67,67,54,48,54,0
Ihlas Bebou,ST,77,78,77,78,78,78,78,76,77,68,77,51,68,68,55,44,55,0
Rodrigo,CAM,77,78,77,78,78,78,78,77,77,72,77,56,71,71,57,49,57,0
Nico Elvedi,CB,77,63,56,63,62,62,62,64,65,67,65,67,75,75,69,67,69,0
Jack Harrison,LM,77,76,72,76,76,76,76,75,76,71,76,57,65,65,58,47,58,0
Benoit Badiashile,CB,77,58,57,58,61,61,61,63,62,69,62,68,71,71,64,66,64,0
Matt Doherty,RWB,77,73,70,73,73,73,73,73,74,74,74,68,76,76,69,65,69,0
Mario Balotelli,ST,77,74,76,74,75,75,75,75,72,68,72,51,65,65,46,45,46,0
De Frutos,RM,77,76,71,76,75,75,75,76,76,71,76,55,64,64,55,44,55,0
Nani,LM,77,77,74,77,77,77,77,78,76,72,76,53,61,61,49,41,49,0
Miguel Veloso,CM,77,71,67,71,71,71,71,74,71,77,71,68,71,71,64,60,64,0
Illarramendi,CM,77,71,67,71,72,72,72,74,71,77,71,69,66,66,64,61,64,0
Merih Demiral,CB,77,51,52,51,51,51,51,52,53,56,53,63,67,67,63,66,63,0
Danilo,LB,77,70,65,70,68,68,68,69,70,71,70,67,73,73,68,64,68,0
Pedro Chirivella,CDM,77,67,61,67,67,67,67,70,70,75,70,69,66,66,65,60,65,0
Jonjo Shelvey,CM,77,69,68,69,70,70,70,73,71,77,71,67,67,67,60,58,60,0
Franck Ribery,CF,77,77,71,77,77,77,77,79,77,74,77,53,57,57,48,38,48,0
Mohammed Salisu,CB,77,51,51,51,51,51,51,51,54,57,54,64,69,69,64,66,64,0
Negredo,ST,77,68,76,68,73,73,73,71,66,66,66,52,64,64,45,48,45,0
Wout Faes,CB,77,52,53,52,55,55,55,55,56,63,56,66,68,68,63,66,63,0
Pepe,LM,77,76,68,76,73,73,73,74,76,68,76,50,61,61,52,38,52,0
Breel Embolo,ST,77,75,77,75,77,77,77,75,75,73,75,61,71,71,59,56,59,0
Olivier Boscagli,CB,77,69,62,69,68,68,68,71,71,75,71,70,76,76,70,66,70,0
Yussuf Poulsen,ST,77,75,77,75,76,76,76,74,75,70,75,60,73,73,61,58,61,0
Andrija Zivkovic,RW,77,77,71,77,76,76,76,76,76,73,76,61,65,65,62,51,62,0
Mykola Shaparenko,CM,77,76,70,76,75,75,75,77,76,77,76,68,67,67,66,57,66,0
Kouadio Manu Kone,CM,77,76,72,76,76,76,76,77,76,77,76,68,73,73,67,61,67,0
Ben Godfrey,CB,77,62,57,62,61,61,61,62,64,65,64,66,74,74,68,66,68,0
Manuel Ugarte,CM,77,73,66,73,73,73,73,75,74,77,74,70,67,67,67,61,67,0
Stephan El Shaarawy,LW,77,77,75,77,76,76,76,77,76,70,76,58,67,67,59,53,59,0
Cristhian Stuani,ST,77,72,76,72,74,74,74,72,71,69,71,61,72,72,59,60,59,0
Rochina,RM,77,76,73,76,77,77,77,78,76,76,76,62,67,67,59,53,59,0
Jonas Svensson,RB,77,71,67,71,71,71,71,71,73,72,73,68,73,73,69,63,69,0
Igor Coronado,CAM,77,77,72,77,76,76,76,77,77,73,77,60,67,67,60,49,60,0
Alberto Moreno,LB,77,75,71,75,74,74,74,74,75,73,75,67,75,75,69,62,69,0
Kelechi Iheanacho,ST,77,76,77,76,78,78,78,77,74,71,74,58,64,64,54,52,54,0
Dani Ceballos,CM,77,74,68,74,74,74,74,76,75,77,75,74,65,65,70,66,70,0
Gustavo Bou,ST,77,75,77,75,76,76,76,74,74,69,74,52,67,67,52,45,52,0
Brais Mendez,RM,77,76,72,76,76,76,76,77,76,75,76,67,68,68,64,61,64,0
Umar Sadiq,ST,77,72,76,72,74,74,74,71,71,63,71,46,66,66,46,41,46,0
Max Kilman,CB,77,58,55,58,59,59,59,61,61,66,61,67,70,70,65,66,65,0
Patson Daka,ST,77,74,77,74,75,75,75,72,72,64,72,47,65,65,47,41,47,0
Ludwig Augustinsson,LB,77,71,65,71,70,70,70,72,73,75,73,69,71,71,69,61,69,0
Ritsu Doan,RM,77,77,71,77,76,76,76,76,76,72,76,59,61,61,59,48,59,0
Stevan Jovetic,ST,77,76,77,76,77,77,77,77,74,70,74,52,67,67,49,45,49,0
Diego Godin,CB,77,57,60,57,59,59,59,59,59,67,59,73,77,77,73,77,73,0
Karim Rekik,CB,77,56,54,56,58,58,58,60,59,65,59,67,70,70,64,66,64,0
Benjamin Henrichs,RWB,77,70,63,70,68,68,68,70,72,71,72,67,72,72,69,62,69,0
Pavel Kaderabek,RWB,77,69,62,69,67,67,67,69,72,71,72,67,77,77,69,64,69,0
Marvin Friedrich,CB,77,52,53,52,53,53,53,55,55,61,55,65,69,69,64,66,64,0
Fabio Vieira,CAM,77,76,69,76,75,75,75,77,75,73,75,58,61,61,56,47,56,0
Mauro Icardi,ST,77,71,76,71,75,75,75,73,69,66,69,49,64,64,45,43,45,0
Dan Burn,CB,77,55,50,55,55,55,55,57,60,64,60,67,70,70,64,66,64,0
Habib Diallo,ST,77,71,77,71,74,74,74,70,69,62,69,47,65,65,46,43,46,0
Matt Targett,LB,77,67,60,67,65,65,65,67,70,70,70,66,71,71,68,61,68,0
Paulo Diaz,CB,77,68,66,68,68,68,68,69,70,72,70,69,76,76,68,67,68,0
Niklas Dorsch,CDM,77,74,71,74,74,74,74,75,74,76,74,69,72,72,67,62,67,0
Suat Serdar,CM,77,75,73,75,76,76,76,76,75,77,75,70,74,74,68,65,68,0
Moussa Sissoko,CDM,77,70,68,70,71,71,71,71,72,73,72,69,74,74,68,65,68,0
Darko Lazovic,LM,77,75,71,75,74,74,74,74,76,73,76,70,67,67,72,65,72,0
Abdou Diallo,CB,77,66,59,66,65,65,65,68,70,71,70,70,76,76,70,67,70,0
Ivan Toney,ST,77,73,77,73,75,75,75,73,72,68,72,62,71,71,60,61,60,0
Capa,RB,77,73,69,73,72,72,72,72,74,73,74,69,75,75,70,64,70,0
Anastasios Bakasetas,CAM,77,76,76,76,77,77,77,77,76,75,76,63,70,70,61,55,61,0
Tuta,CB,77,63,60,63,62,62,62,64,66,68,66,68,73,73,68,66,68,0
Unai Vencedor,CM,77,72,69,72,73,73,73,75,73,77,73,70,69,69,67,62,67,0
Dele Alli,CAM,77,76,77,76,77,77,77,77,75,76,75,65,73,73,63,60,63,0
Irfan Can Kahveci,CAM,77,77,71,77,76,76,76,77,77,76,77,64,67,67,63,54,63,0
Daniel James,RM,77,76,72,76,75,75,75,74,76,69,76,61,66,66,62,55,62,0
Johan Mojica,LB,77,73,68,73,72,72,72,72,74,71,74,66,74,74,69,62,69,0
Kevin Gameiro,ST,77,76,76,76,76,76,76,76,75,70,75,55,68,68,54,47,54,0
Noni Madueke,RW,77,77,72,77,76,76,76,76,75,68,75,51,65,65,52,42,52,0
Bruma,LW,77,77,72,77,76,76,76,75,76,68,76,51,64,64,53,41,53,0
Gelson Martins,RM,77,77,71,77,75,75,75,75,76,70,76,57,65,65,61,48,61,0
Silvan Widmer,RWB,77,72,69,72,71,71,71,71,74,73,74,67,75,75,69,62,69,0
Dario Benedetto,ST,77,74,77,74,76,76,76,75,73,70,73,53,66,66,50,45,50,0
Hugo Duro,ST,77,75,77,75,76,76,76,74,74,69,74,54,68,68,54,48,54,0
Christopher Trimmel,RWB,77,70,68,70,68,68,68,68,71,71,71,74,73,73,75,74,75,0
Giovanni Reyna,CAM,77,77,72,77,77,77,77,77,76,72,76,58,65,65,56,49,56,0
Isi,RM,77,77,70,77,75,75,75,75,76,70,76,55,65,65,55,44,55,0
Valentin Rosier,RB,77,70,64,70,68,68,68,68,71,68,71,65,73,73,69,62,69,0
Demarai Gray,LM,77,78,72,78,77,77,77,76,76,69,76,51,61,61,52,39,52,0
Stephy Mavididi,LM,77,76,76,76,76,76,76,75,76,67,76,51,66,66,52,44,52,0
Nicolas Pallois,CB,77,53,56,53,54,54,54,56,56,63,56,73,69,69,67,77,67,0
Ademola Lookman,LM,77,77,72,77,76,76,76,75,76,67,76,51,61,61,52,43,52,0
Carlos Izquierdoz,CB,77,51,57,51,54,54,54,53,54,61,54,65,68,68,63,65,63,0
Mathias Olivera,LB,77,68,63,68,67,67,67,67,70,68,70,66,74,74,69,64,69,0
Montoro,CDM,77,65,64,65,68,68,68,71,66,75,66,69,65,65,62,62,62,0
Christoph Kramer,CDM,77,65,60,65,66,66,66,68,68,73,68,69,66,66,64,62,64,0
Domingos Duarte,CB,77,52,51,52,53,53,53,54,56,61,56,66,69,69,65,67,65,0
Vitor Hugo,CB,77,46,49,46,47,47,47,47,49,53,49,61,67,67,63,66,63,0
Hugo Mallo,RB,77,62,54,62,60,60,60,62,65,67,65,67,73,73,69,64,69,0
Alex Oxlade-Chamberlain,CM,77,78,72,78,78,78,78,78,78,77,78,69,71,71,68,59,68,0
Khephren Thuram,CM,77,75,74,75,76,76,76,76,76,77,76,76,75,75,75,75,75,0
Riechedly Bazoer,CM,77,74,72,74,74,74,74,75,75,77,75,70,75,75,68,64,68,0
Mislav Orsic,LW,77,77,76,77,76,76,76,75,76,71,76,64,68,68,68,59,68,0
Fredrik Midtsjo,CM,77,73,68,73,73,73,73,75,75,77,75,70,72,72,69,62,69,0
Adrien Tameze,CM,77,74,71,74,74,74,74,75,75,77,75,71,75,75,71,66,71,0
Angelo Fulgini,CM,77,77,73,77,77,77,77,77,77,77,77,68,73,73,67,61,67,0
Davide Frattesi,CM,77,77,72,77,77,77,77,78,77,77,77,67,72,72,66,59,66,0
Roberto Soriano,CAM,77,76,73,76,76,76,76,77,77,77,77,67,71,71,66,59,66,0
Mohamed Camara,CDM,77,70,65,70,70,70,70,72,72,74,72,69,71,71,68,63,68,0
Flavien Tait,CM,77,75,71,75,75,75,75,76,76,77,76,67,67,67,66,57,66,0
Adrien Thomasson,CM,77,75,72,75,76,76,76,76,76,77,76,66,70,70,64,58,64,0
Luis Miguel Rodriguez,ST,77,78,80,78,79,79,79,79,77,76,77,62,73,73,62,57,62,0
Alexander Djiku,CB,77,63,57,63,62,62,62,64,66,68,66,67,74,74,67,66,67,0
Willian Arao,CDM,77,68,68,68,71,71,71,71,70,74,70,69,71,71,67,66,67,0
Davidson,LM,77,77,75,77,77,77,77,76,76,70,76,55,68,68,56,47,56,0
Burak Yilmaz,ST,77,73,78,73,75,75,75,72,71,66,71,52,66,66,50,47,50,0
Petros Mantalos,CAM,77,76,71,76,75,75,75,77,76,75,76,61,67,67,59,51,59,0
Joachim Andersen,CB,77,59,58,59,61,61,61,63,62,70,62,70,70,70,64,67,64,0
Hwang Hee Chan,LW,77,77,75,77,76,76,76,76,75,69,75,50,66,66,49,41,49,0
Musa Barrow,CF,77,77,75,77,77,77,77,76,76,68,76,48,62,62,48,38,48,0
Taiwo Awoniyi,ST,77,71,76,71,73,73,73,69,70,63,70,50,67,67,50,47,50,0
Franck Honorat,LM,77,76,73,76,75,75,75,75,76,70,76,55,67,67,57,46,57,0
Adam Hlozek,CAM,77,76,77,76,77,77,77,77,76,71,76,53,68,68,51,46,51,0
Iago,LWB,77,71,66,71,70,70,70,70,72,70,72,66,72,72,69,62,69,0
Vitolo,LM,77,76,75,76,76,76,76,76,76,71,76,52,66,66,49,42,49,0
Lutsharel Geertruida,RB,77,70,65,70,68,68,68,69,72,70,72,67,77,77,69,66,69,0
Emerson,LB,77,73,68,73,72,72,72,73,74,74,74,67,71,71,69,61,69,0
Florian Lejeune,CB,77,59,61,59,61,61,61,62,60,66,60,73,70,70,69,77,69,0
Moses Simon,LM,77,77,72,77,75,75,75,75,76,68,76,51,67,67,53,42,53,0
Kevin Mbabu,RB,77,69,64,69,68,68,68,68,71,69,71,66,73,73,70,64,70,0
Arthur Cabral,ST,77,72,76,72,75,75,75,73,71,66,71,50,67,67,48,45,48,0
Ismaila Sarr,RM,77,78,75,78,77,77,77,75,76,66,76,47,61,61,48,36,48,0
Diego Demme,CDM,77,66,58,66,66,66,66,69,70,73,70,69,69,69,66,61,66,0
David Lopez,CDM,77,62,64,62,65,65,65,66,64,71,64,69,72,72,64,66,64,0
Rob Holding,CB,77,56,51,56,57,57,57,59,60,65,60,67,70,70,64,66,64,0
Paulo Oliveira,CB,77,52,51,52,53,53,53,54,55,60,55,65,69,69,64,65,64,0
German,CB,77,51,52,51,54,54,54,55,56,63,56,67,67,67,63,67,63,0
Pepe Reina,GK,77,0,0,0,0,0,0,0,0,0,0,0,0,0,0,0,0,77
Stanislav Kritsyuk,GK,77,0,0,0,0,0,0,0,0,0,0,0,0,0,0,0,0,77
Illan Meslier,GK,77,0,0,0,0,0,0,0,0,0,0,0,0,0,0,0,0,77
Rafal Gikiewicz,GK,77,0,0,0,0,0,0,0,0,0,0,0,0,0,0,0,0,77
Andre Blake,GK,77,0,0,0,0,0,0,0,0,0,0,0,0,0,0,0,0,77
Robert Sanchez,GK,77,0,0,0,0,0,0,0,0,0,0,0,0,0,0,0,0,77
Marvin Schwabe,GK,77,0,0,0,0,0,0,0,0,0,0,0,0,0,0,0,0,77
Giorgi Mamardashvili,GK,77,0,0,0,0,0,0,0,0,0,0,0,0,0,0,0,0,77
Zack Steffen,GK,77,0,0,0,0,0,0,0,0,0,0,0,0,0,0,0,0,77
Aitor,GK,77,0,0,0,0,0,0,0,0,0,0,0,0,0,0,0,0,77
Jean Butez,GK,77,0,0,0,0,0,0,0,0,0,0,0,0,0,0,0,0,77
Benjamin Lecomte,GK,77,0,0,0,0,0,0,0,0,0,0,0,0,0,0,0,0,77
Alfred Gomis,GK,77,0,0,0,0,0,0,0,0,0,0,0,0,0,0,0,0,77
Matt Turner,GK,77,0,0,0,0,0,0,0,0,0,0,0,0,0,0,0,0,77
